games,wr_1,wr_2
185,0.740540540540541,0.664864864864865
179,0.58659217877095,0.620111731843575
127,0.259842519685039,0.299212598425197
2,1.0,0.5
195,0.517948717948718,0.492307692307692
89,0.550561797752809,0.550561797752809
196,0.23469387755102,0.229591836734694
80,0.475,0.525
46,0.608695652173913,0.434782608695652
118,0.398305084745763,0.389830508474576
116,0.413793103448276,0.456896551724138
121,0.59504132231405,0.495867768595041
47,0.531914893617021,0.446808510638298
102,0.754901960784314,0.686274509803922
182,0.615384615384615,0.725274725274725
10,0.5,0.4
59,0.355932203389831,0.474576271186441
119,0.722689075630252,0.747899159663866
101,0.455445544554455,0.445544554455446
159,0.572327044025157,0.515723270440252
33,0.545454545454545,0.666666666666667
169,0.449704142011834,0.520710059171598
101,0.683168316831683,0.594059405940594
3,0.0,0.0
69,0.652173913043478,0.492753623188406
105,0.571428571428571,0.533333333333333
140,0.65,0.628571428571429
77,0.571428571428571,0.519480519480519
51,0.431372549019608,0.156862745098039
132,0.484848484848485,0.53030303030303
172,0.534883720930233,0.5
80,0.6125,0.6375
136,0.661764705882353,0.610294117647059
198,0.46969696969697,0.555555555555556
186,0.650537634408602,0.688172043010753
148,0.601351351351351,0.540540540540541
59,0.423728813559322,0.423728813559322
142,0.309859154929577,0.267605633802817
3,0.333333333333333,0.0
139,0.410071942446043,0.431654676258993
60,0.7,0.683333333333333
135,0.207407407407407,0.266666666666667
87,0.64367816091954,0.632183908045977
113,0.292035398230089,0.230088495575221
117,0.606837606837607,0.572649572649573
122,0.549180327868853,0.450819672131148
89,0.528089887640449,0.629213483146067
119,0.478991596638655,0.420168067226891
63,0.714285714285714,0.746031746031746
36,0.722222222222222,0.75
168,0.470238095238095,0.398809523809524
57,0.403508771929825,0.350877192982456
171,0.701754385964912,0.637426900584795
39,0.538461538461538,0.58974358974359
81,0.654320987654321,0.604938271604938
192,0.53125,0.583333333333333
43,0.186046511627907,0.325581395348837
107,0.532710280373832,0.504672897196262
103,0.475728155339806,0.407766990291262
97,0.54639175257732,0.371134020618557
193,0.585492227979275,0.585492227979275
123,0.471544715447154,0.560975609756098
113,0.460176991150442,0.407079646017699
11,0.272727272727273,0.363636363636364
51,0.686274509803922,0.686274509803922
147,0.435374149659864,0.435374149659864
114,0.447368421052632,0.482456140350877
18,0.5,0.388888888888889
83,0.578313253012048,0.674698795180723
176,0.505681818181818,0.551136363636364
198,0.515151515151515,0.560606060606061
108,0.462962962962963,0.490740740740741
77,0.623376623376623,0.649350649350649
81,0.419753086419753,0.469135802469136
147,0.448979591836735,0.387755102040816
191,0.371727748691099,0.350785340314136
14,0.571428571428571,0.285714285714286
200,0.35,0.335
170,0.641176470588235,0.617647058823529
55,0.672727272727273,0.581818181818182
95,0.768421052631579,0.768421052631579
37,0.297297297297297,0.486486486486487
178,0.674157303370786,0.679775280898876
150,0.546666666666667,0.6
114,0.526315789473684,0.56140350877193
43,0.604651162790698,0.604651162790698
89,0.561797752808989,0.539325842696629
179,0.547486033519553,0.480446927374302
119,0.613445378151261,0.563025210084034
82,0.585365853658537,0.560975609756098
46,0.652173913043478,0.630434782608696
72,0.513888888888889,0.416666666666667
19,0.578947368421053,0.578947368421053
83,0.481927710843373,0.55421686746988
174,0.471264367816092,0.511494252873563
173,0.375722543352601,0.375722543352601
172,0.540697674418605,0.558139534883721
197,0.401015228426396,0.446700507614213
7,0.714285714285714,0.714285714285714
100,0.46,0.35
6,0.833333333333333,0.833333333333333
70,0.485714285714286,0.471428571428571
62,0.596774193548387,0.645161290322581
39,0.512820512820513,0.538461538461538
105,0.533333333333333,0.476190476190476
15,0.533333333333333,0.666666666666667
134,0.522388059701492,0.440298507462687
88,0.431818181818182,0.397727272727273
152,0.572368421052632,0.638157894736842
178,0.48876404494382,0.556179775280899
28,0.714285714285714,0.357142857142857
194,0.283505154639175,0.319587628865979
116,0.370689655172414,0.301724137931034
186,0.473118279569892,0.483870967741935
47,0.340425531914894,0.468085106382979
138,0.318840579710145,0.369565217391304
59,0.406779661016949,0.372881355932203
25,0.56,0.44
106,0.80188679245283,0.830188679245283
17,0.705882352941177,0.529411764705882
121,0.479338842975207,0.421487603305785
150,0.506666666666667,0.506666666666667
127,0.338582677165354,0.275590551181102
35,0.314285714285714,0.428571428571429
132,0.409090909090909,0.303030303030303
180,0.305555555555556,0.338888888888889
73,0.287671232876712,0.342465753424658
162,0.574074074074074,0.537037037037037
38,0.421052631578947,0.552631578947368
186,0.526881720430108,0.505376344086022
43,0.465116279069767,0.395348837209302
191,0.445026178010471,0.481675392670157
66,0.53030303030303,0.515151515151515
2,1.0,0.5
37,0.540540540540541,0.432432432432432
119,0.403361344537815,0.428571428571429
143,0.300699300699301,0.27972027972028
174,0.367816091954023,0.32183908045977
11,0.636363636363636,0.454545454545455
86,0.697674418604651,0.581395348837209
95,0.4,0.294736842105263
37,0.432432432432432,0.459459459459459
16,0.4375,0.3125
101,0.356435643564356,0.425742574257426
153,0.496732026143791,0.470588235294118
68,0.617647058823529,0.441176470588235
48,0.770833333333333,0.6875
102,0.588235294117647,0.637254901960784
70,0.514285714285714,0.485714285714286
176,0.329545454545455,0.340909090909091
172,0.686046511627907,0.726744186046512
40,0.375,0.35
104,0.413461538461538,0.471153846153846
56,0.464285714285714,0.517857142857143
190,0.5,0.431578947368421
188,0.617021276595745,0.648936170212766
29,0.344827586206897,0.103448275862069
12,0.666666666666667,0.916666666666667
15,0.4,0.533333333333333
133,0.691729323308271,0.654135338345865
30,0.7,0.566666666666667
44,0.431818181818182,0.431818181818182
89,0.573033707865168,0.584269662921348
78,0.653846153846154,0.82051282051282
150,0.433333333333333,0.446666666666667
92,0.5,0.66304347826087
192,0.505208333333333,0.578125
96,0.583333333333333,0.59375
68,0.588235294117647,0.573529411764706
70,0.6,0.6
158,0.569620253164557,0.582278481012658
38,0.631578947368421,0.605263157894737
148,0.445945945945946,0.574324324324324
5,0.4,0.6
10,0.4,0.4
195,0.276923076923077,0.307692307692308
139,0.510791366906475,0.503597122302158
171,0.43859649122807,0.485380116959064
15,0.533333333333333,0.733333333333333
113,0.292035398230089,0.327433628318584
80,0.7375,0.625
130,0.492307692307692,0.430769230769231
111,0.486486486486487,0.513513513513513
43,0.511627906976744,0.372093023255814
150,0.666666666666667,0.613333333333333
186,0.473118279569892,0.451612903225806
80,0.4625,0.375
8,0.625,0.75
106,0.594339622641509,0.726415094339623
151,0.33112582781457,0.311258278145695
4,1.0,0.5
183,0.579234972677596,0.601092896174863
121,0.363636363636364,0.471074380165289
148,0.641891891891892,0.540540540540541
200,0.28,0.26
10,0.5,0.4
164,0.518292682926829,0.49390243902439
176,0.556818181818182,0.482954545454545
67,0.373134328358209,0.447761194029851
2,0.5,0.5
10,0.6,0.2
3,0.333333333333333,0.333333333333333
114,0.526315789473684,0.62280701754386
78,0.461538461538462,0.576923076923077
122,0.344262295081967,0.229508196721311
23,0.260869565217391,0.217391304347826
69,0.608695652173913,0.521739130434783
54,0.222222222222222,0.296296296296296
160,0.3375,0.45
91,0.252747252747253,0.296703296703297
90,0.611111111111111,0.533333333333333
160,0.56875,0.50625
108,0.62962962962963,0.611111111111111
109,0.55045871559633,0.605504587155963
70,0.657142857142857,0.542857142857143
63,0.523809523809524,0.333333333333333
4,0.5,0.0
1,0.0,0.0
183,0.633879781420765,0.737704918032787
108,0.592592592592593,0.601851851851852
52,0.480769230769231,0.442307692307692
98,0.602040816326531,0.571428571428571
13,0.846153846153846,0.384615384615385
88,0.556818181818182,0.545454545454545
180,0.522222222222222,0.477777777777778
35,0.742857142857143,0.685714285714286
187,0.422459893048128,0.27807486631016
45,0.533333333333333,0.6
183,0.426229508196721,0.366120218579235
195,0.492307692307692,0.405128205128205
21,0.571428571428571,0.476190476190476
116,0.603448275862069,0.637931034482759
129,0.550387596899225,0.612403100775194
198,0.51010101010101,0.46969696969697
18,0.222222222222222,0.333333333333333
138,0.456521739130435,0.434782608695652
173,0.364161849710983,0.416184971098266
4,0.25,0.25
112,0.669642857142857,0.678571428571429
43,0.558139534883721,0.534883720930233
83,0.590361445783133,0.55421686746988
97,0.43298969072165,0.381443298969072
45,0.533333333333333,0.644444444444444
3,0.0,0.333333333333333
19,0.473684210526316,0.473684210526316
61,0.295081967213115,0.278688524590164
149,0.355704697986577,0.315436241610738
44,0.545454545454545,0.409090909090909
25,0.84,0.76
118,0.457627118644068,0.322033898305085
170,0.605882352941176,0.547058823529412
36,0.388888888888889,0.555555555555556
28,0.607142857142857,0.75
49,0.63265306122449,0.591836734693878
62,0.451612903225806,0.403225806451613
20,0.4,0.45
116,0.689655172413793,0.672413793103448
64,0.484375,0.46875
36,0.5,0.305555555555556
113,0.513274336283186,0.460176991150442
189,0.365079365079365,0.338624338624339
190,0.478947368421053,0.631578947368421
124,0.435483870967742,0.411290322580645
146,0.280821917808219,0.308219178082192
188,0.659574468085106,0.680851063829787
148,0.331081081081081,0.277027027027027
132,0.257575757575758,0.287878787878788
133,0.413533834586466,0.421052631578947
55,0.309090909090909,0.381818181818182
105,0.380952380952381,0.523809523809524
53,0.641509433962264,0.773584905660377
189,0.587301587301587,0.603174603174603
41,0.195121951219512,0.219512195121951
16,0.8125,0.375
24,0.666666666666667,0.583333333333333
134,0.604477611940298,0.634328358208955
148,0.317567567567568,0.425675675675676
137,0.576642335766423,0.642335766423358
24,0.5,0.75
102,0.715686274509804,0.686274509803922
156,0.551282051282051,0.564102564102564
38,0.552631578947368,0.552631578947368
87,0.551724137931034,0.574712643678161
28,0.642857142857143,0.642857142857143
71,0.605633802816901,0.661971830985915
111,0.387387387387387,0.459459459459459
62,0.387096774193548,0.387096774193548
41,0.536585365853659,0.560975609756098
30,0.466666666666667,0.433333333333333
160,0.65625,0.64375
30,0.766666666666667,0.733333333333333
186,0.483870967741935,0.489247311827957
187,0.641711229946524,0.754010695187166
139,0.316546762589928,0.330935251798561
136,0.595588235294118,0.551470588235294
36,0.361111111111111,0.5
32,0.59375,0.6875
129,0.558139534883721,0.542635658914729
122,0.409836065573771,0.524590163934426
82,0.5,0.609756097560976
24,0.333333333333333,0.458333333333333
165,0.678787878787879,0.660606060606061
111,0.423423423423423,0.378378378378378
121,0.578512396694215,0.578512396694215
198,0.601010101010101,0.590909090909091
147,0.578231292517007,0.598639455782313
132,0.492424242424242,0.507575757575758
61,0.60655737704918,0.590163934426229
38,0.236842105263158,0.289473684210526
156,0.634615384615385,0.608974358974359
183,0.699453551912568,0.672131147540984
155,0.509677419354839,0.503225806451613
126,0.865079365079365,0.857142857142857
121,0.289256198347107,0.247933884297521
153,0.61437908496732,0.65359477124183
88,0.431818181818182,0.397727272727273
9,0.777777777777778,0.777777777777778
74,0.554054054054054,0.554054054054054
166,0.578313253012048,0.608433734939759
141,0.716312056737589,0.673758865248227
131,0.519083969465649,0.396946564885496
112,0.491071428571429,0.473214285714286
102,0.42156862745098,0.382352941176471
194,0.474226804123711,0.510309278350515
199,0.366834170854271,0.331658291457286
20,0.65,0.75
59,0.220338983050847,0.288135593220339
138,0.528985507246377,0.550724637681159
105,0.580952380952381,0.542857142857143
91,0.340659340659341,0.351648351648352
70,0.614285714285714,0.6
140,0.3,0.285714285714286
172,0.47093023255814,0.459302325581395
11,0.727272727272727,0.545454545454545
184,0.635869565217391,0.597826086956522
149,0.577181208053691,0.51006711409396
52,0.557692307692308,0.5
23,0.347826086956522,0.521739130434783
80,0.4625,0.4875
4,0.75,0.75
86,0.546511627906977,0.476744186046512
185,0.513513513513513,0.443243243243243
82,0.560975609756098,0.682926829268293
120,0.533333333333333,0.675
125,0.392,0.344
15,0.666666666666667,0.666666666666667
173,0.526011560693642,0.543352601156069
65,0.676923076923077,0.584615384615385
43,0.511627906976744,0.441860465116279
113,0.566371681415929,0.460176991150442
6,0.666666666666667,0.166666666666667
197,0.563451776649746,0.629441624365482
178,0.466292134831461,0.48876404494382
160,0.43125,0.4
29,0.344827586206897,0.551724137931034
23,0.478260869565217,0.695652173913043
142,0.443661971830986,0.457746478873239
148,0.493243243243243,0.513513513513513
8,0.875,0.625
138,0.376811594202899,0.391304347826087
125,0.616,0.608
10,0.5,0.7
115,0.591304347826087,0.617391304347826
159,0.30188679245283,0.226415094339623
129,0.348837209302326,0.325581395348837
140,0.271428571428571,0.328571428571429
38,0.5,0.5
6,0.833333333333333,0.666666666666667
186,0.32258064516129,0.419354838709677
156,0.455128205128205,0.41025641025641
63,0.444444444444444,0.555555555555556
139,0.410071942446043,0.532374100719424
100,0.61,0.57
50,0.42,0.4
141,0.695035460992908,0.595744680851064
86,0.534883720930233,0.453488372093023
32,0.53125,0.4375
83,0.686746987951807,0.698795180722892
72,0.375,0.333333333333333
156,0.384615384615385,0.358974358974359
13,0.230769230769231,0.307692307692308
175,0.702857142857143,0.748571428571429
56,0.535714285714286,0.464285714285714
74,0.243243243243243,0.297297297297297
118,0.305084745762712,0.296610169491525
53,0.509433962264151,0.584905660377358
112,0.553571428571429,0.482142857142857
157,0.528662420382166,0.522292993630573
92,0.423913043478261,0.434782608695652
185,0.556756756756757,0.637837837837838
143,0.510489510489511,0.594405594405594
172,0.47093023255814,0.465116279069767
88,0.420454545454545,0.511363636363636
67,0.626865671641791,0.73134328358209
141,0.375886524822695,0.411347517730496
93,0.354838709677419,0.365591397849462
198,0.494949494949495,0.5
132,0.462121212121212,0.431818181818182
34,0.529411764705882,0.588235294117647
188,0.526595744680851,0.574468085106383
173,0.653179190751445,0.641618497109827
94,0.414893617021277,0.436170212765957
67,0.402985074626866,0.402985074626866
162,0.54320987654321,0.475308641975309
80,0.5375,0.475
9,0.555555555555556,0.555555555555556
57,0.456140350877193,0.491228070175439
152,0.506578947368421,0.480263157894737
36,0.472222222222222,0.5
109,0.504587155963303,0.431192660550459
51,0.392156862745098,0.372549019607843
15,0.466666666666667,0.266666666666667
176,0.505681818181818,0.465909090909091
20,0.55,0.6
137,0.598540145985402,0.598540145985402
161,0.422360248447205,0.434782608695652
78,0.846153846153846,0.807692307692308
180,0.388888888888889,0.3
177,0.587570621468927,0.610169491525424
178,0.359550561797753,0.280898876404494
167,0.437125748502994,0.401197604790419
103,0.563106796116505,0.514563106796116
10,0.4,0.2
172,0.47093023255814,0.511627906976744
151,0.56953642384106,0.635761589403974
159,0.433962264150943,0.421383647798742
34,0.735294117647059,0.470588235294118
18,0.5,0.555555555555556
187,0.636363636363636,0.67379679144385
148,0.405405405405405,0.445945945945946
16,0.6875,0.8125
41,0.341463414634146,0.341463414634146
77,0.675324675324675,0.701298701298701
196,0.387755102040816,0.336734693877551
49,0.755102040816326,0.775510204081633
63,0.317460317460317,0.428571428571429
113,0.575221238938053,0.52212389380531
164,0.426829268292683,0.49390243902439
103,0.650485436893204,0.572815533980582
2,0.5,0.0
91,0.406593406593407,0.43956043956044
122,0.491803278688525,0.459016393442623
132,0.651515151515151,0.734848484848485
59,0.355932203389831,0.355932203389831
156,0.685897435897436,0.58974358974359
181,0.596685082872928,0.519337016574586
107,0.457943925233645,0.439252336448598
57,0.526315789473684,0.43859649122807
5,0.4,0.4
168,0.56547619047619,0.488095238095238
148,0.493243243243243,0.432432432432432
196,0.443877551020408,0.433673469387755
126,0.277777777777778,0.285714285714286
107,0.598130841121495,0.514018691588785
133,0.488721804511278,0.496240601503759
74,0.72972972972973,0.851351351351351
169,0.544378698224852,0.50887573964497
147,0.537414965986395,0.551020408163265
116,0.775862068965517,0.698275862068966
96,0.40625,0.34375
24,0.75,0.708333333333333
198,0.55050505050505,0.55050505050505
43,0.511627906976744,0.418604651162791
88,0.340909090909091,0.397727272727273
59,0.559322033898305,0.508474576271186
121,0.338842975206612,0.322314049586777
118,0.432203389830508,0.440677966101695
21,0.476190476190476,0.523809523809524
77,0.519480519480519,0.61038961038961
137,0.518248175182482,0.583941605839416
59,0.305084745762712,0.389830508474576
199,0.542713567839196,0.507537688442211
161,0.559006211180124,0.639751552795031
169,0.431952662721893,0.420118343195266
120,0.516666666666667,0.341666666666667
35,0.657142857142857,0.571428571428571
22,0.727272727272727,0.636363636363636
160,0.33125,0.2875
11,0.545454545454545,0.0
33,0.303030303030303,0.363636363636364
40,0.35,0.575
28,0.571428571428571,0.5
110,0.518181818181818,0.518181818181818
51,0.313725490196078,0.372549019607843
19,0.368421052631579,0.473684210526316
165,0.36969696969697,0.387878787878788
103,0.495145631067961,0.456310679611651
37,0.756756756756757,0.594594594594595
185,0.491891891891892,0.540540540540541
126,0.404761904761905,0.357142857142857
132,0.659090909090909,0.484848484848485
101,0.445544554455446,0.485148514851485
83,0.542168674698795,0.590361445783133
132,0.46969696969697,0.340909090909091
67,0.73134328358209,0.716417910447761
148,0.52027027027027,0.560810810810811
24,0.666666666666667,0.583333333333333
10,0.2,0.6
148,0.412162162162162,0.466216216216216
157,0.598726114649682,0.67515923566879
127,0.417322834645669,0.401574803149606
87,0.379310344827586,0.390804597701149
44,0.340909090909091,0.363636363636364
47,0.553191489361702,0.574468085106383
100,0.36,0.49
90,0.555555555555556,0.555555555555556
72,0.416666666666667,0.361111111111111
70,0.414285714285714,0.457142857142857
20,0.8,0.55
60,0.65,0.633333333333333
89,0.49438202247191,0.426966292134831
9,0.777777777777778,0.888888888888889
64,0.5,0.578125
99,0.545454545454545,0.434343434343434
54,0.444444444444444,0.462962962962963
96,0.520833333333333,0.489583333333333
1,1.0,1.0
102,0.411764705882353,0.441176470588235
93,0.516129032258065,0.43010752688172
106,0.547169811320755,0.518867924528302
44,0.545454545454545,0.477272727272727
81,0.45679012345679,0.716049382716049
114,0.675438596491228,0.728070175438597
107,0.626168224299065,0.514018691588785
12,0.916666666666667,0.75
137,0.467153284671533,0.532846715328467
91,0.604395604395604,0.67032967032967
160,0.40625,0.4
78,0.346153846153846,0.423076923076923
14,0.0714285714285714,0.142857142857143
157,0.471337579617834,0.45859872611465
154,0.623376623376623,0.655844155844156
23,0.260869565217391,0.217391304347826
157,0.503184713375796,0.477707006369427
20,0.5,0.8
152,0.414473684210526,0.440789473684211
102,0.549019607843137,0.529411764705882
105,0.219047619047619,0.247619047619048
139,0.568345323741007,0.553956834532374
16,0.375,0.1875
115,0.678260869565217,0.608695652173913
62,0.564516129032258,0.661290322580645
162,0.555555555555556,0.592592592592593
33,0.606060606060606,0.484848484848485
43,0.465116279069767,0.488372093023256
142,0.528169014084507,0.577464788732394
67,0.626865671641791,0.522388059701492
191,0.591623036649215,0.602094240837696
105,0.580952380952381,0.561904761904762
136,0.647058823529412,0.691176470588235
92,0.554347826086957,0.41304347826087
89,0.719101123595506,0.606741573033708
59,0.745762711864407,0.576271186440678
12,0.25,0.666666666666667
151,0.629139072847682,0.675496688741722
84,0.428571428571429,0.416666666666667
127,0.574803149606299,0.440944881889764
196,0.346938775510204,0.372448979591837
41,0.51219512195122,0.463414634146341
34,0.470588235294118,0.5
78,0.358974358974359,0.320512820512821
175,0.634285714285714,0.571428571428571
101,0.524752475247525,0.534653465346535
132,0.431818181818182,0.462121212121212
35,0.457142857142857,0.257142857142857
19,0.631578947368421,0.473684210526316
71,0.52112676056338,0.661971830985915
180,0.444444444444444,0.477777777777778
91,0.516483516483517,0.582417582417582
77,0.402597402597403,0.428571428571429
199,0.321608040201005,0.331658291457286
139,0.575539568345324,0.517985611510791
150,0.546666666666667,0.493333333333333
149,0.570469798657718,0.516778523489933
103,0.601941747572815,0.621359223300971
105,0.619047619047619,0.561904761904762
51,0.588235294117647,0.450980392156863
194,0.628865979381443,0.639175257731959
132,0.598484848484849,0.643939393939394
34,0.441176470588235,0.323529411764706
87,0.655172413793103,0.71264367816092
31,0.387096774193548,0.387096774193548
110,0.718181818181818,0.718181818181818
57,0.543859649122807,0.473684210526316
118,0.338983050847458,0.26271186440678
58,0.224137931034483,0.5
136,0.602941176470588,0.522058823529412
187,0.39572192513369,0.363636363636364
158,0.474683544303797,0.443037974683544
12,0.75,0.583333333333333
36,0.527777777777778,0.638888888888889
70,0.342857142857143,0.371428571428571
84,0.666666666666667,0.571428571428571
93,0.548387096774194,0.526881720430108
103,0.563106796116505,0.446601941747573
182,0.648351648351648,0.565934065934066
176,0.477272727272727,0.426136363636364
82,0.451219512195122,0.463414634146341
158,0.468354430379747,0.455696202531646
162,0.395061728395062,0.462962962962963
193,0.435233160621762,0.373056994818653
36,0.388888888888889,0.472222222222222
52,0.346153846153846,0.269230769230769
171,0.713450292397661,0.666666666666667
199,0.648241206030151,0.703517587939699
196,0.443877551020408,0.362244897959184
39,0.41025641025641,0.487179487179487
89,0.606741573033708,0.696629213483146
6,0.833333333333333,0.333333333333333
177,0.418079096045198,0.372881355932203
147,0.489795918367347,0.462585034013605
99,0.545454545454545,0.676767676767677
2,0.0,0.0
10,0.7,0.7
142,0.732394366197183,0.71830985915493
189,0.407407407407407,0.470899470899471
106,0.311320754716981,0.349056603773585
141,0.439716312056738,0.460992907801418
200,0.515,0.46
71,0.464788732394366,0.450704225352113
116,0.353448275862069,0.318965517241379
172,0.494186046511628,0.412790697674419
93,0.612903225806452,0.516129032258065
179,0.826815642458101,0.815642458100559
115,0.547826086956522,0.617391304347826
73,0.657534246575342,0.684931506849315
116,0.517241379310345,0.577586206896552
51,0.431372549019608,0.372549019607843
116,0.21551724137931,0.28448275862069
124,0.532258064516129,0.604838709677419
187,0.609625668449198,0.572192513368984
2,0.5,0.5
183,0.491803278688525,0.469945355191257
140,0.535714285714286,0.592857142857143
21,0.619047619047619,0.619047619047619
98,0.551020408163265,0.530612244897959
56,0.5,0.517857142857143
87,0.528735632183908,0.517241379310345
51,0.509803921568627,0.509803921568627
126,0.587301587301587,0.579365079365079
23,0.565217391304348,0.347826086956522
141,0.560283687943262,0.446808510638298
144,0.479166666666667,0.472222222222222
168,0.476190476190476,0.458333333333333
134,0.544776119402985,0.634328358208955
182,0.549450549450549,0.543956043956044
163,0.441717791411043,0.398773006134969
103,0.553398058252427,0.475728155339806
142,0.542253521126761,0.464788732394366
107,0.439252336448598,0.345794392523364
96,0.65625,0.666666666666667
31,0.354838709677419,0.32258064516129
194,0.484536082474227,0.536082474226804
10,0.3,0.5
16,0.4375,0.4375
3,0.0,0.333333333333333
48,0.4375,0.4375
97,0.56701030927835,0.463917525773196
135,0.548148148148148,0.540740740740741
75,0.373333333333333,0.373333333333333
47,0.340425531914894,0.404255319148936
9,0.333333333333333,0.333333333333333
52,0.538461538461538,0.365384615384615
133,0.684210526315789,0.62406015037594
157,0.605095541401274,0.592356687898089
149,0.550335570469799,0.583892617449664
120,0.741666666666667,0.583333333333333
35,0.571428571428571,0.6
60,0.633333333333333,0.733333333333333
72,0.583333333333333,0.388888888888889
82,0.463414634146341,0.560975609756098
82,0.5,0.560975609756098
51,0.254901960784314,0.333333333333333
5,0.4,0.0
70,0.485714285714286,0.514285714285714
23,0.521739130434783,0.521739130434783
194,0.355670103092784,0.298969072164948
70,0.542857142857143,0.442857142857143
82,0.390243902439024,0.439024390243902
16,0.375,0.625
66,0.606060606060606,0.606060606060606
58,0.5,0.241379310344828
48,0.5625,0.5625
6,0.5,0.333333333333333
121,0.603305785123967,0.578512396694215
102,0.382352941176471,0.362745098039216
164,0.371951219512195,0.384146341463415
12,0.5,0.5
149,0.402684563758389,0.469798657718121
135,0.496296296296296,0.496296296296296
111,0.567567567567568,0.567567567567568
146,0.541095890410959,0.575342465753425
8,0.75,0.5
20,0.5,0.45
122,0.60655737704918,0.581967213114754
116,0.310344827586207,0.275862068965517
14,0.142857142857143,0.357142857142857
101,0.465346534653465,0.455445544554455
132,0.522727272727273,0.515151515151515
110,0.554545454545455,0.409090909090909
4,0.5,0.25
131,0.450381679389313,0.442748091603053
91,0.615384615384615,0.527472527472527
48,0.4375,0.4375
174,0.442528735632184,0.431034482758621
5,0.4,0.0
123,0.447154471544715,0.439024390243902
113,0.646017699115044,0.654867256637168
3,0.666666666666667,0.333333333333333
106,0.547169811320755,0.641509433962264
33,0.363636363636364,0.575757575757576
193,0.61139896373057,0.694300518134715
19,0.842105263157895,0.473684210526316
109,0.678899082568807,0.660550458715596
21,0.571428571428571,0.666666666666667
172,0.558139534883721,0.494186046511628
29,0.310344827586207,0.241379310344828
51,0.705882352941177,0.627450980392157
47,0.212765957446809,0.234042553191489
197,0.517766497461929,0.532994923857868
101,0.544554455445545,0.603960396039604
197,0.522842639593909,0.482233502538071
84,0.5,0.511904761904762
2,0.5,1.0
87,0.35632183908046,0.275862068965517
78,0.448717948717949,0.5
189,0.407407407407407,0.417989417989418
23,0.739130434782609,0.739130434782609
174,0.71264367816092,0.71264367816092
125,0.464,0.496
21,0.523809523809524,0.571428571428571
186,0.510752688172043,0.5
101,0.405940594059406,0.366336633663366
102,0.196078431372549,0.284313725490196
176,0.261363636363636,0.267045454545455
186,0.645161290322581,0.580645161290323
129,0.496124031007752,0.503875968992248
4,0.75,0.5
65,0.323076923076923,0.461538461538462
58,0.586206896551724,0.482758620689655
9,0.666666666666667,0.111111111111111
189,0.507936507936508,0.44973544973545
12,0.75,0.5
141,0.446808510638298,0.446808510638298
175,0.514285714285714,0.56
94,0.585106382978723,0.563829787234043
114,0.631578947368421,0.666666666666667
137,0.313868613138686,0.306569343065693
179,0.675977653631285,0.603351955307263
19,0.263157894736842,0.421052631578947
184,0.451086956521739,0.472826086956522
15,0.4,0.4
111,0.657657657657658,0.585585585585586
39,0.384615384615385,0.282051282051282
25,0.36,0.52
79,0.481012658227848,0.481012658227848
183,0.573770491803279,0.551912568306011
55,0.636363636363636,0.509090909090909
192,0.416666666666667,0.380208333333333
57,0.491228070175439,0.508771929824561
83,0.686746987951807,0.493975903614458
10,0.6,0.7
14,0.857142857142857,0.714285714285714
191,0.633507853403141,0.628272251308901
196,0.464285714285714,0.479591836734694
71,0.295774647887324,0.309859154929577
5,0.8,0.6
24,0.625,0.666666666666667
56,0.375,0.428571428571429
192,0.578125,0.510416666666667
30,0.533333333333333,0.5
167,0.640718562874252,0.634730538922156
164,0.396341463414634,0.384146341463415
138,0.442028985507246,0.543478260869565
119,0.722689075630252,0.705882352941177
154,0.532467532467532,0.538961038961039
76,0.434210526315789,0.513157894736842
190,0.389473684210526,0.336842105263158
120,0.416666666666667,0.391666666666667
100,0.43,0.4
114,0.473684210526316,0.605263157894737
4,0.0,0.5
53,0.490566037735849,0.339622641509434
93,0.376344086021505,0.462365591397849
177,0.514124293785311,0.519774011299435
19,0.684210526315789,0.684210526315789
186,0.440860215053763,0.440860215053763
137,0.518248175182482,0.525547445255474
49,0.408163265306122,0.530612244897959
169,0.372781065088757,0.390532544378698
1,1.0,1.0
15,0.466666666666667,0.533333333333333
158,0.594936708860759,0.620253164556962
56,0.392857142857143,0.357142857142857
114,0.526315789473684,0.535087719298246
160,0.35,0.25625
182,0.39010989010989,0.406593406593407
106,0.783018867924528,0.632075471698113
183,0.710382513661202,0.699453551912568
62,0.67741935483871,0.661290322580645
157,0.528662420382166,0.554140127388535
190,0.289473684210526,0.326315789473684
118,0.288135593220339,0.406779661016949
70,0.514285714285714,0.471428571428571
152,0.546052631578947,0.519736842105263
106,0.537735849056604,0.528301886792453
3,1.0,0.0
140,0.385714285714286,0.378571428571429
147,0.27891156462585,0.360544217687075
33,0.272727272727273,0.424242424242424
194,0.489690721649485,0.463917525773196
112,0.285714285714286,0.267857142857143
159,0.245283018867925,0.245283018867925
76,0.25,0.263157894736842
27,0.703703703703704,0.62962962962963
131,0.595419847328244,0.595419847328244
7,0.285714285714286,0.714285714285714
168,0.607142857142857,0.630952380952381
183,0.710382513661202,0.699453551912568
27,0.62962962962963,0.518518518518518
198,0.686868686868687,0.696969696969697
123,0.552845528455285,0.634146341463415
143,0.412587412587413,0.440559440559441
148,0.466216216216216,0.418918918918919
29,0.517241379310345,0.620689655172414
6,0.5,0.833333333333333
70,0.485714285714286,0.628571428571429
38,0.710526315789474,0.736842105263158
155,0.52258064516129,0.561290322580645
125,0.6,0.52
51,0.470588235294118,0.627450980392157
130,0.369230769230769,0.407692307692308
99,0.444444444444444,0.525252525252525
168,0.607142857142857,0.702380952380952
142,0.492957746478873,0.507042253521127
129,0.348837209302326,0.348837209302326
151,0.543046357615894,0.456953642384106
117,0.307692307692308,0.307692307692308
88,0.625,0.534090909090909
78,0.461538461538462,0.397435897435897
11,0.0,0.545454545454545
171,0.426900584795322,0.409356725146199
64,0.46875,0.421875
188,0.351063829787234,0.313829787234043
121,0.446280991735537,0.40495867768595
151,0.437086092715232,0.43046357615894
67,0.477611940298507,0.402985074626866
64,0.421875,0.5625
41,0.48780487804878,0.317073170731707
96,0.34375,0.447916666666667
182,0.60989010989011,0.60989010989011
155,0.329032258064516,0.316129032258064
27,0.333333333333333,0.37037037037037
155,0.535483870967742,0.535483870967742
30,0.566666666666667,0.4
8,0.5,0.125
76,0.592105263157895,0.381578947368421
195,0.374358974358974,0.358974358974359
75,0.533333333333333,0.546666666666667
176,0.664772727272727,0.653409090909091
185,0.405405405405405,0.47027027027027
133,0.496240601503759,0.526315789473684
97,0.381443298969072,0.391752577319588
141,0.51063829787234,0.48936170212766
19,0.526315789473684,0.473684210526316
90,0.611111111111111,0.644444444444444
107,0.794392523364486,0.785046728971963
76,0.539473684210526,0.513157894736842
82,0.475609756097561,0.402439024390244
4,0.5,0.5
163,0.582822085889571,0.52760736196319
192,0.369791666666667,0.416666666666667
84,0.428571428571429,0.5
18,0.222222222222222,0.277777777777778
47,0.638297872340426,0.574468085106383
126,0.396825396825397,0.373015873015873
59,0.593220338983051,0.576271186440678
66,0.666666666666667,0.696969696969697
119,0.495798319327731,0.546218487394958
19,0.263157894736842,0.631578947368421
103,0.466019417475728,0.514563106796116
85,0.717647058823529,0.658823529411765
170,0.635294117647059,0.605882352941176
126,0.476190476190476,0.547619047619048
166,0.614457831325301,0.656626506024096
90,0.477777777777778,0.411111111111111
81,0.506172839506173,0.469135802469136
192,0.447916666666667,0.53125
80,0.6375,0.6
57,0.491228070175439,0.491228070175439
97,0.680412371134021,0.639175257731959
149,0.422818791946309,0.503355704697987
77,0.532467532467532,0.493506493506494
138,0.601449275362319,0.623188405797101
68,0.191176470588235,0.323529411764706
104,0.625,0.423076923076923
79,0.417721518987342,0.468354430379747
169,0.236686390532544,0.236686390532544
55,0.454545454545455,0.472727272727273
88,0.522727272727273,0.556818181818182
73,0.520547945205479,0.547945205479452
132,0.454545454545455,0.515151515151515
17,0.588235294117647,0.764705882352941
135,0.4,0.451851851851852
28,0.535714285714286,0.714285714285714
159,0.433962264150943,0.452830188679245
112,0.294642857142857,0.339285714285714
199,0.778894472361809,0.723618090452261
164,0.341463414634146,0.432926829268293
36,0.583333333333333,0.722222222222222
137,0.445255474452555,0.423357664233577
10,0.5,0.3
121,0.619834710743802,0.702479338842975
85,0.505882352941176,0.576470588235294
102,0.647058823529412,0.549019607843137
62,0.516129032258065,0.403225806451613
33,0.454545454545455,0.515151515151515
118,0.406779661016949,0.440677966101695
19,0.578947368421053,0.421052631578947
49,0.469387755102041,0.387755102040816
102,0.725490196078431,0.715686274509804
94,0.287234042553192,0.340425531914894
38,0.342105263157895,0.552631578947368
110,0.7,0.581818181818182
167,0.461077844311377,0.401197604790419
44,0.477272727272727,0.5
14,0.428571428571429,0.428571428571429
143,0.447552447552448,0.391608391608392
7,0.428571428571429,0.285714285714286
162,0.432098765432099,0.506172839506173
120,0.366666666666667,0.383333333333333
119,0.773109243697479,0.722689075630252
119,0.46218487394958,0.512605042016807
19,0.578947368421053,0.368421052631579
37,0.756756756756757,0.567567567567568
146,0.513698630136986,0.534246575342466
185,0.508108108108108,0.578378378378378
158,0.594936708860759,0.550632911392405
129,0.558139534883721,0.558139534883721
80,0.4625,0.55
53,0.641509433962264,0.716981132075472
116,0.646551724137931,0.629310344827586
180,0.6,0.561111111111111
55,0.254545454545455,0.4
45,0.666666666666667,0.488888888888889
93,0.56989247311828,0.612903225806452
8,0.75,0.5
81,0.580246913580247,0.493827160493827
49,0.408163265306122,0.306122448979592
20,0.6,0.5
58,0.448275862068966,0.448275862068966
181,0.497237569060773,0.453038674033149
6,0.333333333333333,0.333333333333333
98,0.683673469387755,0.63265306122449
103,0.504854368932039,0.563106796116505
65,0.230769230769231,0.353846153846154
119,0.285714285714286,0.394957983193277
161,0.509316770186335,0.503105590062112
61,0.409836065573771,0.442622950819672
116,0.353448275862069,0.448275862068966
101,0.356435643564356,0.346534653465347
139,0.359712230215827,0.453237410071942
170,0.452941176470588,0.447058823529412
120,0.7,0.691666666666667
79,0.430379746835443,0.443037974683544
57,0.666666666666667,0.473684210526316
174,0.46551724137931,0.396551724137931
181,0.469613259668508,0.414364640883978
66,0.681818181818182,0.590909090909091
56,0.410714285714286,0.535714285714286
73,0.698630136986301,0.479452054794521
124,0.475806451612903,0.524193548387097
86,0.372093023255814,0.406976744186047
5,0.4,0.4
18,0.5,0.555555555555556
71,0.394366197183099,0.366197183098592
35,0.514285714285714,0.657142857142857
28,0.678571428571429,0.607142857142857
120,0.65,0.616666666666667
120,0.333333333333333,0.3
90,0.455555555555556,0.388888888888889
90,0.488888888888889,0.411111111111111
87,0.528735632183908,0.517241379310345
145,0.262068965517241,0.268965517241379
54,0.462962962962963,0.5
32,0.40625,0.59375
63,0.412698412698413,0.412698412698413
105,0.428571428571429,0.438095238095238
183,0.584699453551913,0.633879781420765
100,0.32,0.23
34,0.411764705882353,0.470588235294118
51,0.411764705882353,0.607843137254902
81,0.518518518518518,0.555555555555556
72,0.430555555555556,0.361111111111111
140,0.478571428571429,0.457142857142857
135,0.377777777777778,0.37037037037037
29,0.344827586206897,0.310344827586207
98,0.479591836734694,0.612244897959184
132,0.371212121212121,0.416666666666667
162,0.450617283950617,0.469135802469136
33,0.515151515151515,0.303030303030303
120,0.591666666666667,0.558333333333333
57,0.333333333333333,0.385964912280702
112,0.633928571428571,0.5625
179,0.502793296089385,0.480446927374302
143,0.454545454545455,0.503496503496504
195,0.379487179487179,0.348717948717949
39,0.538461538461538,0.282051282051282
98,0.73469387755102,0.704081632653061
39,0.666666666666667,0.615384615384615
125,0.472,0.432
119,0.512605042016807,0.579831932773109
91,0.549450549450549,0.43956043956044
84,0.595238095238095,0.55952380952381
119,0.781512605042017,0.798319327731092
59,0.254237288135593,0.406779661016949
108,0.287037037037037,0.268518518518519
198,0.429292929292929,0.388888888888889
35,0.314285714285714,0.4
157,0.439490445859873,0.464968152866242
25,0.52,0.4
174,0.505747126436782,0.545977011494253
55,0.472727272727273,0.509090909090909
200,0.55,0.55
191,0.403141361256544,0.471204188481675
182,0.489010989010989,0.549450549450549
147,0.489795918367347,0.496598639455782
25,0.52,0.52
88,0.454545454545455,0.454545454545455
7,0.428571428571429,0.142857142857143
194,0.43298969072165,0.458762886597938
90,0.533333333333333,0.377777777777778
3,0.666666666666667,1.0
120,0.725,0.658333333333333
193,0.637305699481865,0.663212435233161
176,0.25,0.420454545454545
150,0.586666666666667,0.513333333333333
186,0.376344086021505,0.408602150537634
166,0.475903614457831,0.481927710843373
163,0.723926380368098,0.613496932515337
46,0.434782608695652,0.58695652173913
94,0.51063829787234,0.372340425531915
101,0.287128712871287,0.316831683168317
84,0.404761904761905,0.345238095238095
150,0.613333333333333,0.6
48,0.75,0.729166666666667
50,0.6,0.56
139,0.431654676258993,0.410071942446043
105,0.219047619047619,0.171428571428571
188,0.617021276595745,0.664893617021277
159,0.421383647798742,0.465408805031447
161,0.385093167701863,0.403726708074534
192,0.515625,0.484375
143,0.307692307692308,0.27972027972028
16,0.5625,0.4375
73,0.589041095890411,0.684931506849315
184,0.559782608695652,0.592391304347826
190,0.494736842105263,0.410526315789474
85,0.611764705882353,0.517647058823529
132,0.560606060606061,0.484848484848485
17,0.411764705882353,0.529411764705882
130,0.615384615384615,0.469230769230769
77,0.467532467532468,0.415584415584416
156,0.557692307692308,0.621794871794872
38,0.394736842105263,0.473684210526316
135,0.318518518518519,0.311111111111111
199,0.603015075376884,0.628140703517588
11,0.636363636363636,0.363636363636364
14,0.571428571428571,0.642857142857143
81,0.45679012345679,0.469135802469136
68,0.529411764705882,0.588235294117647
100,0.43,0.5
96,0.333333333333333,0.4375
143,0.398601398601399,0.384615384615385
194,0.43298969072165,0.448453608247423
149,0.557046979865772,0.51006711409396
177,0.632768361581921,0.610169491525424
119,0.529411764705882,0.588235294117647
105,0.4,0.457142857142857
82,0.670731707317073,0.634146341463415
159,0.377358490566038,0.314465408805031
149,0.476510067114094,0.456375838926175
145,0.531034482758621,0.63448275862069
6,0.666666666666667,0.0
164,0.341463414634146,0.402439024390244
178,0.471910112359551,0.584269662921348
62,0.548387096774194,0.435483870967742
136,0.625,0.654411764705882
98,0.5,0.469387755102041
159,0.635220125786163,0.761006289308176
56,0.392857142857143,0.464285714285714
68,0.514705882352941,0.470588235294118
127,0.598425196850394,0.590551181102362
14,0.642857142857143,0.571428571428571
90,0.544444444444444,0.522222222222222
80,0.625,0.4875
98,0.520408163265306,0.571428571428571
109,0.614678899082569,0.532110091743119
14,0.285714285714286,0.571428571428571
91,0.615384615384615,0.604395604395604
63,0.603174603174603,0.746031746031746
4,0.5,0.75
153,0.464052287581699,0.38562091503268
57,0.350877192982456,0.43859649122807
101,0.544554455445545,0.663366336633663
113,0.336283185840708,0.36283185840708
83,0.518072289156627,0.506024096385542
115,0.71304347826087,0.791304347826087
145,0.455172413793103,0.489655172413793
163,0.54601226993865,0.588957055214724
132,0.583333333333333,0.674242424242424
66,0.515151515151515,0.5
103,0.621359223300971,0.611650485436893
83,0.55421686746988,0.433734939759036
73,0.479452054794521,0.410958904109589
136,0.419117647058824,0.323529411764706
19,0.368421052631579,0.315789473684211
200,0.35,0.395
112,0.375,0.383928571428571
28,0.821428571428571,0.821428571428571
168,0.494047619047619,0.523809523809524
62,0.483870967741935,0.32258064516129
10,0.6,0.8
83,0.373493975903614,0.337349397590361
138,0.434782608695652,0.41304347826087
25,0.8,0.64
2,1.0,1.0
95,0.505263157894737,0.515789473684211
98,0.663265306122449,0.489795918367347
108,0.657407407407407,0.611111111111111
23,0.173913043478261,0.304347826086957
17,0.411764705882353,0.529411764705882
43,0.418604651162791,0.372093023255814
62,0.274193548387097,0.241935483870968
84,0.404761904761905,0.44047619047619
44,0.5,0.340909090909091
170,0.323529411764706,0.341176470588235
187,0.668449197860963,0.6524064171123
90,0.355555555555556,0.322222222222222
136,0.433823529411765,0.477941176470588
199,0.386934673366834,0.417085427135678
139,0.525179856115108,0.60431654676259
59,0.745762711864407,0.610169491525424
97,0.515463917525773,0.556701030927835
185,0.410810810810811,0.367567567567568
81,0.592592592592593,0.555555555555556
25,0.72,0.6
170,0.347058823529412,0.335294117647059
19,0.368421052631579,0.526315789473684
179,0.402234636871508,0.480446927374302
186,0.360215053763441,0.333333333333333
27,0.592592592592593,0.555555555555556
84,0.511904761904762,0.547619047619048
115,0.8,0.747826086956522
200,0.39,0.405
178,0.337078651685393,0.432584269662921
90,0.633333333333333,0.655555555555556
78,0.397435897435897,0.371794871794872
59,0.847457627118644,0.847457627118644
148,0.513513513513513,0.472972972972973
129,0.65891472868217,0.728682170542636
72,0.430555555555556,0.541666666666667
66,0.772727272727273,0.636363636363636
134,0.380597014925373,0.343283582089552
183,0.245901639344262,0.273224043715847
83,0.55421686746988,0.530120481927711
114,0.640350877192982,0.596491228070175
84,0.30952380952381,0.345238095238095
191,0.633507853403141,0.62303664921466
189,0.322751322751323,0.365079365079365
193,0.341968911917098,0.398963730569948
117,0.555555555555556,0.632478632478632
120,0.6,0.691666666666667
156,0.391025641025641,0.474358974358974
168,0.44047619047619,0.488095238095238
122,0.286885245901639,0.418032786885246
47,0.340425531914894,0.468085106382979
54,0.611111111111111,0.666666666666667
112,0.526785714285714,0.633928571428571
65,0.615384615384615,0.492307692307692
13,0.615384615384615,0.615384615384615
129,0.51937984496124,0.51937984496124
22,0.590909090909091,0.5
79,0.721518987341772,0.69620253164557
86,0.558139534883721,0.569767441860465
8,0.625,0.5
30,0.7,0.666666666666667
96,0.458333333333333,0.53125
115,0.4,0.373913043478261
40,0.6,0.55
14,0.428571428571429,0.571428571428571
147,0.442176870748299,0.428571428571429
159,0.641509433962264,0.610062893081761
60,0.416666666666667,0.366666666666667
191,0.424083769633508,0.418848167539267
129,0.635658914728682,0.635658914728682
167,0.461077844311377,0.514970059880239
157,0.414012738853503,0.43312101910828
120,0.466666666666667,0.591666666666667
123,0.317073170731707,0.341463414634146
52,0.307692307692308,0.461538461538462
196,0.5,0.341836734693878
80,0.625,0.5625
23,0.260869565217391,0.347826086956522
100,0.52,0.51
35,0.542857142857143,0.685714285714286
6,0.333333333333333,0.166666666666667
169,0.485207100591716,0.532544378698225
14,0.785714285714286,0.642857142857143
194,0.592783505154639,0.556701030927835
149,0.476510067114094,0.429530201342282
136,0.514705882352941,0.625
144,0.423611111111111,0.388888888888889
37,0.594594594594595,0.567567567567568
66,0.318181818181818,0.46969696969697
192,0.796875,0.880208333333333
105,0.457142857142857,0.419047619047619
25,0.52,0.64
182,0.472527472527473,0.516483516483517
10,0.9,0.8
149,0.483221476510067,0.516778523489933
128,0.484375,0.4375
166,0.530120481927711,0.572289156626506
82,0.414634146341463,0.475609756097561
159,0.484276729559748,0.553459119496855
32,0.5,0.65625
72,0.472222222222222,0.416666666666667
25,0.6,0.68
167,0.449101796407186,0.37125748502994
37,0.567567567567568,0.567567567567568
56,0.375,0.321428571428571
190,0.673684210526316,0.673684210526316
186,0.349462365591398,0.327956989247312
60,0.633333333333333,0.716666666666667
88,0.397727272727273,0.477272727272727
104,0.365384615384615,0.298076923076923
70,0.557142857142857,0.457142857142857
108,0.768518518518518,0.703703703703704
72,0.416666666666667,0.444444444444444
197,0.350253807106599,0.3248730964467
55,0.618181818181818,0.490909090909091
15,0.266666666666667,0.4
46,0.5,0.521739130434783
135,0.711111111111111,0.733333333333333
127,0.251968503937008,0.291338582677165
148,0.432432432432432,0.337837837837838
22,0.5,0.545454545454545
182,0.686813186813187,0.675824175824176
178,0.662921348314607,0.634831460674157
158,0.474683544303797,0.449367088607595
48,0.1875,0.208333333333333
190,0.452631578947368,0.489473684210526
93,0.451612903225806,0.397849462365591
41,0.51219512195122,0.536585365853659
167,0.287425149700599,0.323353293413174
9,0.555555555555556,0.777777777777778
43,0.720930232558139,0.790697674418605
93,0.67741935483871,0.537634408602151
165,0.363636363636364,0.412121212121212
187,0.25668449197861,0.272727272727273
119,0.521008403361345,0.436974789915966
56,0.446428571428571,0.464285714285714
153,0.398692810457516,0.411764705882353
133,0.473684210526316,0.481203007518797
101,0.326732673267327,0.386138613861386
125,0.456,0.4
152,0.638157894736842,0.664473684210526
32,0.59375,0.6875
170,0.7,0.635294117647059
184,0.369565217391304,0.41304347826087
46,0.543478260869565,0.521739130434783
165,0.236363636363636,0.193939393939394
30,0.5,0.7
19,0.578947368421053,0.631578947368421
26,0.384615384615385,0.230769230769231
47,0.340425531914894,0.297872340425532
188,0.409574468085106,0.393617021276596
34,0.323529411764706,0.323529411764706
89,0.50561797752809,0.573033707865168
2,1.0,1.0
195,0.553846153846154,0.533333333333333
159,0.540880503144654,0.559748427672956
131,0.374045801526718,0.412213740458015
41,0.829268292682927,0.780487804878049
24,0.75,0.666666666666667
197,0.654822335025381,0.65989847715736
115,0.478260869565217,0.547826086956522
179,0.513966480446927,0.486033519553073
103,0.650485436893204,0.660194174757282
56,0.589285714285714,0.392857142857143
179,0.391061452513966,0.256983240223464
93,0.311827956989247,0.408602150537634
108,0.287037037037037,0.388888888888889
132,0.681818181818182,0.689393939393939
157,0.528662420382166,0.426751592356688
131,0.465648854961832,0.404580152671756
142,0.464788732394366,0.5
152,0.375,0.388157894736842
48,0.458333333333333,0.354166666666667
171,0.444444444444444,0.43859649122807
183,0.355191256830601,0.387978142076503
80,0.6,0.5375
186,0.526881720430108,0.548387096774194
60,0.3,0.4
107,0.373831775700935,0.467289719626168
58,0.551724137931034,0.603448275862069
161,0.192546583850932,0.242236024844721
25,0.36,0.32
168,0.404761904761905,0.44047619047619
193,0.549222797927461,0.544041450777202
176,0.460227272727273,0.511363636363636
84,0.511904761904762,0.511904761904762
56,0.392857142857143,0.232142857142857
19,0.578947368421053,0.684210526315789
13,0.307692307692308,0.538461538461538
194,0.489690721649485,0.469072164948454
121,0.446280991735537,0.471074380165289
133,0.526315789473684,0.601503759398496
17,0.588235294117647,0.529411764705882
149,0.442953020134228,0.476510067114094
99,0.363636363636364,0.383838383838384
80,0.4125,0.425
106,0.471698113207547,0.443396226415094
176,0.602272727272727,0.642045454545455
150,0.54,0.506666666666667
131,0.404580152671756,0.549618320610687
124,0.620967741935484,0.653225806451613
130,0.438461538461538,0.376923076923077
133,0.240601503759398,0.285714285714286
98,0.622448979591837,0.5
71,0.605633802816901,0.704225352112676
40,0.4,0.575
26,0.769230769230769,0.5
36,0.472222222222222,0.416666666666667
135,0.451851851851852,0.503703703703704
12,0.666666666666667,0.583333333333333
48,0.75,0.8125
7,0.142857142857143,0.142857142857143
103,0.689320388349515,0.640776699029126
103,0.281553398058252,0.271844660194175
188,0.521276595744681,0.569148936170213
67,0.492537313432836,0.432835820895522
12,0.75,0.5
193,0.181347150259067,0.248704663212435
184,0.527173913043478,0.532608695652174
165,0.363636363636364,0.357575757575758
25,0.4,0.48
132,0.333333333333333,0.409090909090909
98,0.704081632653061,0.653061224489796
17,0.588235294117647,0.764705882352941
106,0.556603773584906,0.60377358490566
184,0.358695652173913,0.358695652173913
162,0.617283950617284,0.54320987654321
18,0.333333333333333,0.666666666666667
96,0.520833333333333,0.5
48,0.458333333333333,0.520833333333333
148,0.736486486486487,0.716216216216216
101,0.524752475247525,0.643564356435644
100,0.55,0.56
181,0.430939226519337,0.414364640883978
35,0.457142857142857,0.514285714285714
150,0.613333333333333,0.52
148,0.736486486486487,0.702702702702703
113,0.672566371681416,0.734513274336283
130,0.476923076923077,0.469230769230769
170,0.394117647058824,0.5
74,0.756756756756757,0.635135135135135
9,0.555555555555556,0.555555555555556
40,0.55,0.45
31,0.483870967741935,0.516129032258065
150,0.64,0.6
115,0.443478260869565,0.31304347826087
50,0.6,0.7
95,0.526315789473684,0.505263157894737
25,0.48,0.48
2,1.0,0.5
192,0.583333333333333,0.604166666666667
58,0.672413793103448,0.603448275862069
13,0.538461538461538,0.307692307692308
134,0.611940298507463,0.582089552238806
14,0.214285714285714,0.214285714285714
147,0.503401360544218,0.551020408163265
92,0.5,0.423913043478261
153,0.568627450980392,0.61437908496732
98,0.285714285714286,0.397959183673469
7,0.571428571428571,0.428571428571429
128,0.5859375,0.59375
67,0.686567164179104,0.761194029850746
114,0.482456140350877,0.464912280701754
54,0.574074074074074,0.574074074074074
10,0.4,0.3
181,0.541436464088398,0.56353591160221
154,0.25974025974026,0.24025974025974
73,0.671232876712329,0.561643835616438
71,0.549295774647887,0.563380281690141
6,0.333333333333333,0.666666666666667
144,0.3125,0.375
134,0.597014925373134,0.649253731343284
117,0.606837606837607,0.58974358974359
5,0.6,0.4
65,0.538461538461538,0.523076923076923
49,0.510204081632653,0.591836734693878
143,0.510489510489511,0.552447552447552
108,0.472222222222222,0.435185185185185
30,0.8,0.533333333333333
48,0.520833333333333,0.604166666666667
136,0.602941176470588,0.625
47,0.51063829787234,0.531914893617021
67,0.253731343283582,0.253731343283582
163,0.386503067484663,0.386503067484663
194,0.221649484536082,0.237113402061856
192,0.40625,0.364583333333333
159,0.30188679245283,0.339622641509434
75,0.453333333333333,0.48
144,0.361111111111111,0.347222222222222
148,0.540540540540541,0.554054054054054
59,0.271186440677966,0.406779661016949
172,0.465116279069767,0.546511627906977
58,0.655172413793103,0.517241379310345
83,0.253012048192771,0.421686746987952
75,0.44,0.546666666666667
143,0.405594405594406,0.41958041958042
90,0.488888888888889,0.488888888888889
69,0.463768115942029,0.449275362318841
178,0.320224719101124,0.269662921348315
151,0.543046357615894,0.543046357615894
124,0.258064516129032,0.395161290322581
27,0.481481481481481,0.814814814814815
173,0.352601156069364,0.421965317919075
182,0.467032967032967,0.43956043956044
98,0.459183673469388,0.530612244897959
11,0.272727272727273,0.454545454545455
48,0.354166666666667,0.4375
110,0.4,0.463636363636364
190,0.521052631578947,0.58421052631579
134,0.597014925373134,0.597014925373134
140,0.471428571428571,0.471428571428571
186,0.247311827956989,0.231182795698925
107,0.457943925233645,0.476635514018692
60,0.633333333333333,0.5
155,0.329032258064516,0.341935483870968
199,0.768844221105528,0.728643216080402
87,0.655172413793103,0.620689655172414
190,0.547368421052632,0.5
31,0.741935483870968,0.548387096774194
36,0.638888888888889,0.527777777777778
60,0.583333333333333,0.583333333333333
85,0.470588235294118,0.423529411764706
61,0.573770491803279,0.377049180327869
99,0.535353535353535,0.505050505050505
154,0.383116883116883,0.435064935064935
41,0.292682926829268,0.292682926829268
100,0.29,0.22
108,0.342592592592593,0.398148148148148
63,0.19047619047619,0.301587301587302
81,0.530864197530864,0.407407407407407
95,0.652631578947368,0.673684210526316
78,0.474358974358974,0.448717948717949
31,0.516129032258065,0.67741935483871
100,0.4,0.46
170,0.376470588235294,0.282352941176471
115,0.669565217391304,0.704347826086957
49,0.591836734693878,0.653061224489796
68,0.294117647058824,0.5
190,0.336842105263158,0.310526315789474
71,0.323943661971831,0.436619718309859
146,0.452054794520548,0.410958904109589
78,0.333333333333333,0.320512820512821
161,0.590062111801242,0.658385093167702
3,1.0,0.666666666666667
105,0.219047619047619,0.247619047619048
194,0.530927835051546,0.479381443298969
185,0.508108108108108,0.518918918918919
101,0.207920792079208,0.188118811881188
49,0.469387755102041,0.469387755102041
47,0.574468085106383,0.595744680851064
43,0.511627906976744,0.604651162790698
89,0.337078651685393,0.258426966292135
135,0.659259259259259,0.637037037037037
11,0.636363636363636,0.636363636363636
31,0.516129032258065,0.32258064516129
185,0.648648648648649,0.616216216216216
198,0.484848484848485,0.46969696969697
164,0.518292682926829,0.615853658536585
20,0.3,0.65
159,0.358490566037736,0.408805031446541
154,0.688311688311688,0.746753246753247
132,0.643939393939394,0.575757575757576
128,0.4375,0.4609375
55,0.490909090909091,0.472727272727273
21,0.428571428571429,0.476190476190476
30,0.4,0.466666666666667
175,0.525714285714286,0.582857142857143
188,0.441489361702128,0.484042553191489
160,0.41875,0.34375
159,0.70440251572327,0.735849056603774
158,0.670886075949367,0.651898734177215
199,0.351758793969849,0.371859296482412
76,0.355263157894737,0.447368421052632
199,0.366834170854271,0.366834170854271
47,0.48936170212766,0.468085106382979
174,0.591954022988506,0.471264367816092
94,0.51063829787234,0.48936170212766
22,0.363636363636364,0.181818181818182
13,0.615384615384615,0.230769230769231
143,0.447552447552448,0.300699300699301
73,0.589041095890411,0.534246575342466
174,0.505747126436782,0.396551724137931
53,0.622641509433962,0.584905660377358
123,0.373983739837398,0.333333333333333
118,0.406779661016949,0.364406779661017
20,0.4,0.4
48,0.458333333333333,0.1875
24,0.583333333333333,0.5
148,0.472972972972973,0.418918918918919
158,0.417721518987342,0.405063291139241
133,0.511278195488722,0.593984962406015
66,0.53030303030303,0.621212121212121
163,0.613496932515337,0.607361963190184
171,0.35672514619883,0.374269005847953
161,0.546583850931677,0.590062111801242
199,0.512562814070352,0.4321608040201
97,0.43298969072165,0.536082474226804
8,0.75,0.375
18,0.555555555555556,0.333333333333333
77,0.532467532467532,0.506493506493506
54,0.592592592592593,0.666666666666667
122,0.467213114754098,0.467213114754098
1,0.0,1.0
123,0.398373983739837,0.48780487804878
73,0.547945205479452,0.547945205479452
43,0.627906976744186,0.488372093023256
190,0.473684210526316,0.536842105263158
32,0.71875,0.75
33,0.545454545454545,0.606060606060606
158,0.424050632911392,0.373417721518987
31,0.548387096774194,0.709677419354839
18,0.555555555555556,0.444444444444444
185,0.621621621621622,0.545945945945946
49,0.0816326530612245,0.163265306122449
16,0.8125,0.5625
15,0.533333333333333,1.0
102,0.480392156862745,0.46078431372549
181,0.613259668508287,0.679558011049724
54,0.518518518518518,0.5
132,0.583333333333333,0.674242424242424
23,0.478260869565217,0.434782608695652
135,0.207407407407407,0.192592592592593
154,0.5,0.493506493506494
111,0.423423423423423,0.540540540540541
30,0.5,0.433333333333333
146,0.623287671232877,0.568493150684932
154,0.61038961038961,0.642857142857143
53,0.471698113207547,0.452830188679245
153,0.679738562091503,0.660130718954248
16,0.5625,0.625
164,0.5,0.51219512195122
187,0.556149732620321,0.513368983957219
141,0.624113475177305,0.666666666666667
113,0.309734513274336,0.309734513274336
14,0.5,0.642857142857143
21,0.523809523809524,0.666666666666667
117,0.324786324786325,0.290598290598291
48,0.5,0.583333333333333
67,0.567164179104478,0.656716417910448
183,0.431693989071038,0.420765027322404
149,0.597315436241611,0.570469798657718
200,0.685,0.735
102,0.42156862745098,0.46078431372549
47,0.468085106382979,0.48936170212766
120,0.441666666666667,0.441666666666667
143,0.321678321678322,0.293706293706294
186,0.32258064516129,0.290322580645161
23,0.304347826086957,0.391304347826087
84,0.404761904761905,0.404761904761905
187,0.443850267379679,0.411764705882353
164,0.24390243902439,0.24390243902439
7,0.285714285714286,0.285714285714286
179,0.581005586592179,0.597765363128492
28,0.571428571428571,0.428571428571429
160,0.60625,0.49375
65,0.584615384615385,0.415384615384615
86,0.465116279069767,0.36046511627907
135,0.414814814814815,0.407407407407407
198,0.656565656565657,0.621212121212121
192,0.34375,0.380208333333333
168,0.553571428571429,0.541666666666667
193,0.663212435233161,0.647668393782383
61,0.409836065573771,0.524590163934426
192,0.692708333333333,0.635416666666667
161,0.583850931677019,0.670807453416149
97,0.43298969072165,0.556701030927835
86,0.395348837209302,0.430232558139535
42,0.452380952380952,0.428571428571429
86,0.569767441860465,0.488372093023256
10,0.5,0.6
104,0.471153846153846,0.586538461538462
150,0.406666666666667,0.346666666666667
159,0.540880503144654,0.377358490566038
97,0.371134020618557,0.34020618556701
134,0.350746268656716,0.388059701492537
105,0.742857142857143,0.619047619047619
50,0.56,0.42
14,0.5,0.571428571428571
188,0.452127659574468,0.446808510638298
200,0.575,0.565
157,0.585987261146497,0.598726114649682
76,0.526315789473684,0.578947368421053
161,0.633540372670807,0.714285714285714
139,0.482014388489209,0.431654676258993
181,0.646408839779006,0.662983425414365
16,0.5,0.5625
38,0.657894736842105,0.684210526315789
57,0.508771929824561,0.473684210526316
165,0.6,0.563636363636364
4,0.5,0.5
70,0.7,0.6
61,0.360655737704918,0.426229508196721
8,0.375,0.375
9,0.777777777777778,0.555555555555556
84,0.452380952380952,0.464285714285714
7,0.714285714285714,0.285714285714286
24,0.5,0.458333333333333
101,0.445544554455446,0.356435643564356
114,0.587719298245614,0.5
188,0.569148936170213,0.617021276595745
153,0.38562091503268,0.405228758169935
192,0.557291666666667,0.536458333333333
76,0.434210526315789,0.486842105263158
200,0.495,0.45
96,0.395833333333333,0.458333333333333
36,0.638888888888889,0.666666666666667
96,0.666666666666667,0.614583333333333
163,0.503067484662577,0.515337423312883
3,0.666666666666667,0.333333333333333
155,0.748387096774194,0.780645161290323
72,0.263888888888889,0.333333333333333
53,0.754716981132076,0.452830188679245
126,0.492063492063492,0.531746031746032
146,0.424657534246575,0.465753424657534
43,0.465116279069767,0.558139534883721
11,0.363636363636364,0.363636363636364
127,0.251968503937008,0.220472440944882
119,0.630252100840336,0.756302521008403
132,0.333333333333333,0.303030303030303
150,0.693333333333333,0.693333333333333
178,0.544943820224719,0.584269662921348
188,0.404255319148936,0.5
70,0.371428571428571,0.428571428571429
159,0.672955974842767,0.70440251572327
133,0.428571428571429,0.473684210526316
193,0.616580310880829,0.601036269430052
169,0.562130177514793,0.579881656804734
184,0.429347826086957,0.41304347826087
199,0.492462311557789,0.492462311557789
114,0.491228070175439,0.578947368421053
113,0.52212389380531,0.442477876106195
66,0.333333333333333,0.393939393939394
5,0.8,0.6
66,0.575757575757576,0.681818181818182
175,0.52,0.577142857142857
83,0.216867469879518,0.228915662650602
131,0.419847328244275,0.412213740458015
99,0.434343434343434,0.353535353535354
111,0.405405405405405,0.405405405405405
66,0.287878787878788,0.318181818181818
20,0.4,0.55
42,0.80952380952381,0.761904761904762
151,0.311258278145695,0.298013245033113
41,0.585365853658537,0.609756097560976
72,0.388888888888889,0.486111111111111
106,0.311320754716981,0.349056603773585
13,0.692307692307692,0.538461538461538
86,0.383720930232558,0.313953488372093
47,0.617021276595745,0.553191489361702
118,0.610169491525424,0.635593220338983
188,0.702127659574468,0.718085106382979
126,0.301587301587302,0.428571428571429
97,0.515463917525773,0.43298969072165
132,0.53030303030303,0.651515151515151
3,0.666666666666667,1.0
195,0.748717948717949,0.743589743589744
74,0.635135135135135,0.567567567567568
182,0.758241758241758,0.741758241758242
4,0.75,1.0
125,0.488,0.52
27,0.592592592592593,0.518518518518518
149,0.295302013422819,0.281879194630872
1,1.0,1.0
196,0.530612244897959,0.51530612244898
79,0.506329113924051,0.569620253164557
82,0.426829268292683,0.51219512195122
81,0.382716049382716,0.419753086419753
122,0.581967213114754,0.590163934426229
47,0.340425531914894,0.51063829787234
131,0.427480916030534,0.374045801526718
71,0.267605633802817,0.323943661971831
77,0.779220779220779,0.688311688311688
179,0.41340782122905,0.391061452513966
127,0.519685039370079,0.47244094488189
56,0.678571428571429,0.678571428571429
97,0.443298969072165,0.402061855670103
56,0.428571428571429,0.375
72,0.722222222222222,0.75
142,0.507042253521127,0.471830985915493
189,0.634920634920635,0.650793650793651
189,0.735449735449735,0.714285714285714
66,0.5,0.46969696969697
88,0.693181818181818,0.75
188,0.446808510638298,0.446808510638298
36,0.722222222222222,0.722222222222222
47,0.531914893617021,0.595744680851064
111,0.585585585585586,0.594594594594595
63,0.46031746031746,0.492063492063492
160,0.44375,0.49375
186,0.467741935483871,0.478494623655914
194,0.623711340206186,0.628865979381443
2,0.0,1.0
8,0.625,0.625
75,0.413333333333333,0.48
80,0.55,0.4875
160,0.74375,0.6125
85,0.458823529411765,0.541176470588235
15,0.733333333333333,0.6
25,0.52,0.44
169,0.698224852071006,0.686390532544379
186,0.456989247311828,0.381720430107527
100,0.47,0.46
62,0.403225806451613,0.32258064516129
37,0.459459459459459,0.486486486486487
10,0.4,0.4
48,0.770833333333333,0.666666666666667
105,0.685714285714286,0.647619047619048
45,0.444444444444444,0.533333333333333
67,0.507462686567164,0.373134328358209
144,0.729166666666667,0.708333333333333
127,0.37007874015748,0.338582677165354
185,0.410810810810811,0.448648648648649
90,0.366666666666667,0.511111111111111
170,0.529411764705882,0.488235294117647
148,0.513513513513513,0.52027027027027
56,0.285714285714286,0.392857142857143
139,0.611510791366906,0.589928057553957
127,0.338582677165354,0.37007874015748
76,0.763157894736842,0.723684210526316
194,0.304123711340206,0.293814432989691
16,0.75,0.75
184,0.619565217391304,0.603260869565217
53,0.30188679245283,0.30188679245283
140,0.435714285714286,0.328571428571429
113,0.433628318584071,0.548672566371681
48,0.604166666666667,0.666666666666667
163,0.503067484662577,0.392638036809816
7,0.714285714285714,0.857142857142857
34,0.617647058823529,0.617647058823529
71,0.436619718309859,0.47887323943662
172,0.5,0.523255813953488
122,0.377049180327869,0.418032786885246
133,0.639097744360902,0.676691729323308
196,0.5,0.530612244897959
107,0.420560747663551,0.476635514018692
9,0.444444444444444,0.444444444444444
163,0.625766871165644,0.56441717791411
134,0.753731343283582,0.716417910447761
83,0.530120481927711,0.518072289156627
120,0.658333333333333,0.666666666666667
94,0.393617021276596,0.48936170212766
9,0.444444444444444,0.222222222222222
138,0.36231884057971,0.27536231884058
62,0.306451612903226,0.403225806451613
76,0.263157894736842,0.302631578947368
50,0.54,0.54
92,0.25,0.239130434782609
139,0.438848920863309,0.359712230215827
5,0.6,0.8
170,0.5,0.505882352941176
71,0.591549295774648,0.464788732394366
164,0.615853658536585,0.670731707317073
151,0.549668874172185,0.721854304635762
93,0.580645161290323,0.516129032258065
48,0.583333333333333,0.6875
170,0.558823529411765,0.564705882352941
200,0.505,0.42
103,0.524271844660194,0.524271844660194
167,0.562874251497006,0.526946107784431
146,0.678082191780822,0.643835616438356
54,0.444444444444444,0.388888888888889
98,0.397959183673469,0.469387755102041
8,0.25,0.5
66,0.575757575757576,0.53030303030303
143,0.769230769230769,0.643356643356643
10,0.3,0.3
15,0.6,0.533333333333333
33,0.484848484848485,0.393939393939394
9,0.555555555555556,0.333333333333333
56,0.589285714285714,0.607142857142857
119,0.722689075630252,0.882352941176471
163,0.429447852760736,0.392638036809816
37,0.567567567567568,0.783783783783784
116,0.456896551724138,0.431034482758621
53,0.566037735849057,0.490566037735849
113,0.690265486725664,0.610619469026549
3,1.0,0.0
64,0.484375,0.4375
186,0.537634408602151,0.483870967741935
115,0.434782608695652,0.373913043478261
199,0.472361809045226,0.472361809045226
104,0.480769230769231,0.509615384615385
52,0.596153846153846,0.769230769230769
138,0.326086956521739,0.260869565217391
60,0.483333333333333,0.633333333333333
21,0.428571428571429,0.619047619047619
125,0.424,0.32
31,0.838709677419355,0.903225806451613
146,0.63013698630137,0.671232876712329
51,0.686274509803922,0.725490196078431
118,0.703389830508475,0.711864406779661
76,0.342105263157895,0.539473684210526
197,0.375634517766497,0.253807106598985
92,0.489130434782609,0.554347826086957
143,0.440559440559441,0.391608391608392
108,0.314814814814815,0.416666666666667
96,0.572916666666667,0.541666666666667
29,0.448275862068966,0.517241379310345
132,0.507575757575758,0.583333333333333
78,0.41025641025641,0.448717948717949
199,0.623115577889447,0.517587939698492
87,0.379310344827586,0.379310344827586
177,0.525423728813559,0.576271186440678
177,0.497175141242938,0.423728813559322
105,0.40952380952381,0.485714285714286
88,0.715909090909091,0.829545454545455
165,0.266666666666667,0.296969696969697
185,0.621621621621622,0.572972972972973
63,0.333333333333333,0.301587301587302
63,0.333333333333333,0.285714285714286
76,0.447368421052632,0.447368421052632
84,0.488095238095238,0.44047619047619
103,0.621359223300971,0.572815533980582
36,0.527777777777778,0.555555555555556
184,0.494565217391304,0.483695652173913
187,0.315508021390374,0.32620320855615
190,0.431578947368421,0.463157894736842
154,0.298701298701299,0.350649350649351
199,0.603015075376884,0.582914572864322
199,0.613065326633166,0.623115577889447
15,0.4,0.266666666666667
140,0.592857142857143,0.65
48,0.5,0.583333333333333
128,0.375,0.3984375
116,0.491379310344828,0.5
136,0.544117647058823,0.426470588235294
167,0.383233532934132,0.377245508982036
42,0.523809523809524,0.523809523809524
36,0.583333333333333,0.555555555555556
150,0.433333333333333,0.5
89,0.561797752808989,0.51685393258427
56,0.392857142857143,0.303571428571429
184,0.510869565217391,0.434782608695652
171,0.631578947368421,0.64327485380117
41,0.292682926829268,0.414634146341463
126,0.507936507936508,0.53968253968254
28,0.571428571428571,0.642857142857143
179,0.659217877094972,0.675977653631285
49,0.489795918367347,0.387755102040816
105,0.428571428571429,0.40952380952381
21,0.619047619047619,0.476190476190476
69,0.623188405797101,0.768115942028985
34,0.647058823529412,0.470588235294118
49,0.448979591836735,0.591836734693878
76,0.710526315789474,0.710526315789474
16,0.5,0.5
110,0.581818181818182,0.536363636363636
194,0.391752577319588,0.34020618556701
85,0.305882352941176,0.447058823529412
180,0.561111111111111,0.588888888888889
64,0.28125,0.328125
20,0.55,0.35
108,0.305555555555556,0.435185185185185
80,0.6,0.675
7,0.428571428571429,0.714285714285714
38,0.421052631578947,0.421052631578947
57,0.333333333333333,0.491228070175439
45,0.577777777777778,0.533333333333333
11,0.363636363636364,0.545454545454545
174,0.511494252873563,0.471264367816092
77,0.493506493506494,0.493506493506494
45,0.444444444444444,0.533333333333333
36,0.5,0.416666666666667
122,0.631147540983607,0.672131147540984
93,0.688172043010753,0.623655913978495
55,0.6,0.690909090909091
50,0.46,0.5
71,0.394366197183099,0.535211267605634
196,0.408163265306122,0.36734693877551
106,0.433962264150943,0.339622641509434
137,0.437956204379562,0.452554744525547
62,0.532258064516129,0.548387096774194
6,0.833333333333333,0.666666666666667
53,0.528301886792453,0.584905660377358
164,0.573170731707317,0.524390243902439
111,0.558558558558559,0.612612612612613
156,0.685897435897436,0.673076923076923
98,0.63265306122449,0.510204081632653
35,0.371428571428571,0.342857142857143
52,0.692307692307692,0.692307692307692
92,0.467391304347826,0.554347826086957
93,0.591397849462366,0.483870967741935
127,0.377952755905512,0.307086614173228
78,0.423076923076923,0.333333333333333
50,0.4,0.28
143,0.531468531468531,0.503496503496504
139,0.834532374100719,0.834532374100719
133,0.353383458646617,0.37593984962406
32,0.6875,0.6875
146,0.438356164383562,0.458904109589041
84,0.464285714285714,0.464285714285714
142,0.457746478873239,0.436619718309859
5,1.0,0.4
156,0.557692307692308,0.58974358974359
74,0.5,0.554054054054054
126,0.595238095238095,0.555555555555556
67,0.447761194029851,0.373134328358209
145,0.572413793103448,0.489655172413793
161,0.478260869565217,0.472049689440994
94,0.606382978723404,0.702127659574468
44,0.5,0.613636363636364
178,0.48876404494382,0.556179775280899
125,0.44,0.4
144,0.354166666666667,0.395833333333333
92,0.293478260869565,0.402173913043478
127,0.535433070866142,0.480314960629921
58,0.637931034482759,0.637931034482759
15,0.733333333333333,0.6
103,0.631067961165049,0.728155339805825
158,0.443037974683544,0.424050632911392
116,0.301724137931034,0.362068965517241
131,0.381679389312977,0.419847328244275
163,0.466257668711656,0.460122699386503
88,0.227272727272727,0.284090909090909
44,0.636363636363636,0.590909090909091
168,0.458333333333333,0.44047619047619
116,0.612068965517241,0.560344827586207
125,0.344,0.448
134,0.649253731343284,0.664179104477612
53,0.339622641509434,0.490566037735849
23,0.521739130434783,0.478260869565217
57,0.491228070175439,0.56140350877193
158,0.443037974683544,0.518987341772152
19,0.631578947368421,0.473684210526316
179,0.262569832402235,0.324022346368715
172,0.517441860465116,0.529069767441861
16,0.25,0.5
188,0.367021276595745,0.335106382978723
124,0.629032258064516,0.669354838709677
9,0.555555555555556,0.666666666666667
160,0.69375,0.7125
93,0.376344086021505,0.354838709677419
115,0.347826086956522,0.373913043478261
57,0.368421052631579,0.403508771929825
195,0.317948717948718,0.282051282051282
166,0.487951807228916,0.512048192771084
129,0.550387596899225,0.612403100775194
197,0.522842639593909,0.563451776649746
54,0.611111111111111,0.462962962962963
134,0.261194029850746,0.171641791044776
100,0.57,0.55
189,0.428571428571429,0.455026455026455
82,0.475609756097561,0.524390243902439
80,0.7125,0.6875
19,0.315789473684211,0.315789473684211
81,0.592592592592593,0.555555555555556
180,0.333333333333333,0.344444444444444
44,0.613636363636364,0.704545454545455
2,0.0,1.0
40,0.675,0.65
182,0.39010989010989,0.43956043956044
177,0.502824858757062,0.536723163841808
126,0.468253968253968,0.428571428571429
141,0.361702127659574,0.304964539007092
190,0.689473684210526,0.58421052631579
171,0.47953216374269,0.508771929824561
194,0.494845360824742,0.458762886597938
94,0.265957446808511,0.404255319148936
109,0.385321100917431,0.431192660550459
68,0.544117647058823,0.529411764705882
34,0.411764705882353,0.588235294117647
165,0.551515151515152,0.496969696969697
118,0.440677966101695,0.5
169,0.42603550295858,0.420118343195266
72,0.569444444444444,0.5
120,0.325,0.416666666666667
191,0.659685863874346,0.701570680628272
10,0.5,0.4
141,0.652482269503546,0.666666666666667
107,0.635514018691589,0.700934579439252
32,0.5625,0.5
48,0.541666666666667,0.416666666666667
69,0.594202898550725,0.608695652173913
147,0.523809523809524,0.530612244897959
12,0.416666666666667,0.5
111,0.207207207207207,0.243243243243243
31,0.451612903225806,0.258064516129032
53,0.509433962264151,0.754716981132076
25,0.48,0.64
38,0.552631578947368,0.631578947368421
49,0.591836734693878,0.714285714285714
149,0.724832214765101,0.724832214765101
190,0.531578947368421,0.552631578947368
54,0.296296296296296,0.462962962962963
96,0.541666666666667,0.5625
169,0.396449704142012,0.50887573964497
173,0.369942196531792,0.433526011560694
20,0.65,0.35
13,0.846153846153846,0.461538461538462
74,0.581081081081081,0.621621621621622
176,0.403409090909091,0.477272727272727
132,0.606060606060606,0.636363636363636
29,0.655172413793103,0.482758620689655
181,0.386740331491713,0.397790055248619
91,0.527472527472527,0.527472527472527
194,0.350515463917526,0.350515463917526
89,0.629213483146067,0.674157303370786
177,0.333333333333333,0.395480225988701
74,0.540540540540541,0.567567567567568
139,0.517985611510791,0.539568345323741
25,0.52,0.36
134,0.425373134328358,0.41044776119403
194,0.474226804123711,0.417525773195876
6,0.5,0.166666666666667
169,0.42603550295858,0.42603550295858
103,0.58252427184466,0.601941747572815
125,0.464,0.456
122,0.418032786885246,0.344262295081967
22,0.818181818181818,0.636363636363636
172,0.505813953488372,0.523255813953488
139,0.719424460431655,0.726618705035971
1,1.0,1.0
153,0.516339869281046,0.503267973856209
177,0.587570621468927,0.610169491525424
112,0.473214285714286,0.419642857142857
151,0.443708609271523,0.556291390728477
20,0.8,0.6
176,0.551136363636364,0.579545454545455
164,0.445121951219512,0.481707317073171
56,0.5,0.357142857142857
5,0.4,0.4
36,0.638888888888889,0.694444444444444
157,0.598726114649682,0.662420382165605
1,1.0,1.0
185,0.545945945945946,0.47027027027027
101,0.405940594059406,0.524752475247525
78,0.474358974358974,0.358974358974359
32,0.15625,0.3125
44,0.568181818181818,0.636363636363636
192,0.348958333333333,0.328125
182,0.401098901098901,0.412087912087912
16,0.5625,0.625
189,0.571428571428571,0.529100529100529
37,0.432432432432432,0.351351351351351
128,0.4609375,0.5703125
49,0.693877551020408,0.428571428571429
84,0.261904761904762,0.285714285714286
113,0.601769911504425,0.646017699115044
17,0.764705882352941,0.588235294117647
171,0.473684210526316,0.508771929824561
22,0.545454545454545,0.727272727272727
159,0.60377358490566,0.672955974842767
16,0.375,0.3125
169,0.384615384615385,0.337278106508876
168,0.613095238095238,0.589285714285714
61,0.590163934426229,0.573770491803279
92,0.597826086956522,0.673913043478261
46,0.804347826086957,0.695652173913043
172,0.505813953488372,0.558139534883721
21,0.714285714285714,0.428571428571429
15,0.466666666666667,0.4
54,0.481481481481481,0.444444444444444
184,0.53804347826087,0.516304347826087
148,0.391891891891892,0.391891891891892
31,0.516129032258065,0.258064516129032
139,0.431654676258993,0.474820143884892
167,0.580838323353293,0.568862275449102
45,0.511111111111111,0.377777777777778
99,0.252525252525253,0.212121212121212
179,0.608938547486033,0.592178770949721
187,0.347593582887701,0.39572192513369
32,0.65625,0.5
144,0.625,0.5625
15,0.533333333333333,0.6
44,0.204545454545455,0.159090909090909
70,0.6,0.528571428571429
192,0.510416666666667,0.541666666666667
181,0.569060773480663,0.497237569060773
74,0.22972972972973,0.324324324324324
110,0.536363636363636,0.509090909090909
162,0.666666666666667,0.685185185185185
47,0.468085106382979,0.48936170212766
126,0.563492063492063,0.579365079365079
36,0.416666666666667,0.555555555555556
83,0.590361445783133,0.590361445783133
196,0.357142857142857,0.397959183673469
99,0.282828282828283,0.313131313131313
171,0.456140350877193,0.555555555555556
24,0.625,0.416666666666667
141,0.283687943262411,0.375886524822695
5,0.4,0.6
42,0.357142857142857,0.261904761904762
64,0.671875,0.625
105,0.428571428571429,0.476190476190476
56,0.482142857142857,0.517857142857143
6,0.166666666666667,0.333333333333333
83,0.337349397590361,0.349397590361446
56,0.714285714285714,0.535714285714286
6,0.5,0.666666666666667
92,0.369565217391304,0.380434782608696
4,0.75,1.0
13,0.461538461538462,0.384615384615385
162,0.635802469135803,0.567901234567901
52,0.307692307692308,0.269230769230769
115,0.469565217391304,0.521739130434783
22,0.772727272727273,0.727272727272727
154,0.558441558441558,0.525974025974026
127,0.503937007874016,0.440944881889764
111,0.369369369369369,0.306306306306306
74,0.391891891891892,0.5
64,0.390625,0.359375
99,0.434343434343434,0.444444444444444
10,0.6,0.6
162,0.438271604938272,0.469135802469136
194,0.427835051546392,0.463917525773196
198,0.454545454545455,0.328282828282828
190,0.389473684210526,0.363157894736842
194,0.38659793814433,0.329896907216495
49,0.469387755102041,0.612244897959184
49,0.673469387755102,0.73469387755102
111,0.531531531531532,0.495495495495495
33,0.424242424242424,0.454545454545455
128,0.65625,0.6875
5,0.4,0.6
91,0.516483516483517,0.637362637362637
58,0.189655172413793,0.241379310344828
126,0.428571428571429,0.492063492063492
41,0.682926829268293,0.634146341463415
144,0.638888888888889,0.5625
103,0.485436893203884,0.58252427184466
174,0.431034482758621,0.431034482758621
5,0.6,0.2
28,0.5,0.464285714285714
157,0.719745222929936,0.668789808917197
65,0.446153846153846,0.569230769230769
52,0.557692307692308,0.596153846153846
168,0.208333333333333,0.19047619047619
152,0.559210526315789,0.5
74,0.364864864864865,0.391891891891892
91,0.56043956043956,0.538461538461538
120,0.366666666666667,0.358333333333333
128,0.5234375,0.5703125
41,0.536585365853659,0.414634146341463
12,0.666666666666667,0.916666666666667
154,0.590909090909091,0.61038961038961
190,0.389473684210526,0.415789473684211
42,0.619047619047619,0.785714285714286
121,0.56198347107438,0.479338842975207
189,0.497354497354497,0.396825396825397
1,1.0,0.0
13,0.538461538461538,0.538461538461538
118,0.288135593220339,0.296610169491525
143,0.622377622377622,0.657342657342657
149,0.36241610738255,0.302013422818792
159,0.540880503144654,0.50314465408805
21,0.428571428571429,0.333333333333333
77,0.584415584415584,0.558441558441558
12,0.583333333333333,0.583333333333333
136,0.544117647058823,0.588235294117647
138,0.485507246376812,0.471014492753623
138,0.449275362318841,0.434782608695652
108,0.425925925925926,0.388888888888889
126,0.547619047619048,0.515873015873016
127,0.582677165354331,0.511811023622047
78,0.782051282051282,0.858974358974359
3,0.666666666666667,0.666666666666667
46,0.369565217391304,0.434782608695652
24,0.458333333333333,0.416666666666667
18,0.5,0.444444444444444
101,0.415841584158416,0.396039603960396
117,0.487179487179487,0.512820512820513
155,0.412903225806452,0.503225806451613
33,0.666666666666667,0.575757575757576
176,0.613636363636364,0.613636363636364
127,0.401574803149606,0.362204724409449
166,0.518072289156627,0.481927710843373
79,0.607594936708861,0.620253164556962
105,0.447619047619048,0.495238095238095
133,0.398496240601504,0.293233082706767
181,0.718232044198895,0.701657458563536
21,0.333333333333333,0.428571428571429
8,0.5,0.875
192,0.609375,0.494791666666667
30,0.433333333333333,0.266666666666667
166,0.337349397590361,0.325301204819277
181,0.287292817679558,0.276243093922652
95,0.368421052631579,0.421052631578947
27,0.296296296296296,0.259259259259259
56,0.285714285714286,0.285714285714286
47,0.191489361702128,0.148936170212766
95,0.421052631578947,0.410526315789474
106,0.839622641509434,0.830188679245283
45,0.733333333333333,0.555555555555556
34,0.470588235294118,0.529411764705882
82,0.219512195121951,0.24390243902439
7,0.428571428571429,0.714285714285714
134,0.619402985074627,0.619402985074627
87,0.528735632183908,0.471264367816092
135,0.4,0.422222222222222
45,0.666666666666667,0.644444444444444
173,0.341040462427746,0.323699421965318
70,0.471428571428571,0.385714285714286
158,0.379746835443038,0.322784810126582
37,0.621621621621622,0.513513513513513
180,0.638888888888889,0.666666666666667
49,0.510204081632653,0.571428571428571
185,0.572972972972973,0.621621621621622
166,0.265060240963855,0.325301204819277
29,0.689655172413793,0.689655172413793
51,0.431372549019608,0.352941176470588
52,0.346153846153846,0.211538461538462
148,0.587837837837838,0.540540540540541
4,0.25,0.75
47,0.617021276595745,0.51063829787234
145,0.572413793103448,0.579310344827586
32,0.59375,0.625
56,0.410714285714286,0.267857142857143
166,0.72289156626506,0.807228915662651
80,0.45,0.5
186,0.666666666666667,0.629032258064516
116,0.637931034482759,0.568965517241379
7,0.285714285714286,0.571428571428571
123,0.398373983739837,0.51219512195122
98,0.551020408163265,0.551020408163265
28,0.785714285714286,0.607142857142857
198,0.53030303030303,0.53030303030303
116,0.431034482758621,0.491379310344828
44,0.704545454545455,0.613636363636364
167,0.580838323353293,0.550898203592814
172,0.447674418604651,0.406976744186047
122,0.483606557377049,0.467213114754098
42,0.428571428571429,0.5
77,0.519480519480519,0.480519480519481
160,0.4125,0.4625
83,0.710843373493976,0.662650602409639
33,0.515151515151515,0.515151515151515
106,0.858490566037736,0.792452830188679
145,0.475862068965517,0.524137931034483
118,0.533898305084746,0.542372881355932
140,0.35,0.271428571428571
86,0.558139534883721,0.546511627906977
185,0.291891891891892,0.275675675675676
173,0.526011560693642,0.578034682080925
130,0.676923076923077,0.684615384615385
31,0.419354838709677,0.354838709677419
166,0.644578313253012,0.626506024096386
192,0.421875,0.453125
145,0.675862068965517,0.63448275862069
137,0.583941605839416,0.554744525547445
36,0.472222222222222,0.361111111111111
162,0.611111111111111,0.635802469135803
8,0.625,0.375
149,0.577181208053691,0.557046979865772
36,0.5,0.416666666666667
102,0.352941176470588,0.303921568627451
23,0.304347826086957,0.347826086956522
25,0.32,0.4
17,0.647058823529412,0.529411764705882
15,0.2,0.333333333333333
153,0.640522875816993,0.607843137254902
200,0.46,0.54
168,0.511904761904762,0.488095238095238
200,0.505,0.545
58,0.189655172413793,0.431034482758621
94,0.542553191489362,0.606382978723404
191,0.356020942408377,0.382198952879581
186,0.725806451612903,0.645161290322581
103,0.572815533980582,0.446601941747573
145,0.537931034482759,0.524137931034483
90,0.788888888888889,0.822222222222222
186,0.381720430107527,0.440860215053763
122,0.450819672131148,0.508196721311475
38,0.315789473684211,0.210526315789474
102,0.5,0.558823529411765
193,0.595854922279793,0.616580310880829
10,0.5,0.5
49,0.591836734693878,0.591836734693878
152,0.401315789473684,0.355263157894737
66,0.606060606060606,0.545454545454545
67,0.343283582089552,0.26865671641791
7,0.714285714285714,0.714285714285714
52,0.326923076923077,0.538461538461538
166,0.313253012048193,0.283132530120482
190,0.542105263157895,0.457894736842105
138,0.333333333333333,0.326086956521739
156,0.628205128205128,0.628205128205128
90,0.633333333333333,0.677777777777778
77,0.818181818181818,0.662337662337662
57,0.526315789473684,0.596491228070175
31,0.516129032258065,0.419354838709677
138,0.601449275362319,0.594202898550725
51,0.470588235294118,0.372549019607843
186,0.575268817204301,0.56989247311828
145,0.186206896551724,0.186206896551724
76,0.289473684210526,0.355263157894737
81,0.641975308641975,0.580246913580247
6,0.5,0.5
67,0.492537313432836,0.432835820895522
52,0.576923076923077,0.557692307692308
75,0.386666666666667,0.466666666666667
83,0.542168674698795,0.578313253012048
69,0.391304347826087,0.420289855072464
90,0.577777777777778,0.588888888888889
55,0.763636363636364,0.763636363636364
31,0.483870967741935,0.419354838709677
40,0.375,0.3
88,0.568181818181818,0.579545454545455
74,0.621621621621622,0.540540540540541
43,0.511627906976744,0.581395348837209
53,0.547169811320755,0.490566037735849
184,0.429347826086957,0.396739130434783
81,0.716049382716049,0.54320987654321
117,0.47008547008547,0.41025641025641
55,0.309090909090909,0.272727272727273
35,0.371428571428571,0.485714285714286
17,0.823529411764706,0.705882352941177
200,0.64,0.63
101,0.425742574257426,0.495049504950495
7,0.571428571428571,0.714285714285714
59,0.355932203389831,0.355932203389831
116,0.413793103448276,0.482758620689655
106,0.509433962264151,0.509433962264151
147,0.408163265306122,0.523809523809524
85,0.635294117647059,0.517647058823529
130,0.592307692307692,0.638461538461538
125,0.568,0.544
30,0.733333333333333,0.766666666666667
36,0.416666666666667,0.555555555555556
67,0.641791044776119,0.582089552238806
78,0.282051282051282,0.358974358974359
19,0.684210526315789,0.473684210526316
80,0.4125,0.4
199,0.482412060301508,0.442211055276382
23,0.478260869565217,0.478260869565217
25,0.52,0.6
151,0.324503311258278,0.324503311258278
49,0.673469387755102,0.530612244897959
11,0.272727272727273,0.272727272727273
150,0.626666666666667,0.666666666666667
145,0.427586206896552,0.420689655172414
29,0.413793103448276,0.482758620689655
48,0.375,0.416666666666667
55,0.309090909090909,0.563636363636364
42,0.380952380952381,0.428571428571429
181,0.397790055248619,0.353591160220994
119,0.554621848739496,0.512605042016807
14,0.571428571428571,0.642857142857143
162,0.530864197530864,0.487654320987654
153,0.503267973856209,0.529411764705882
178,0.668539325842697,0.640449438202247
66,0.53030303030303,0.424242424242424
132,0.424242424242424,0.446969696969697
66,0.393939393939394,0.454545454545455
196,0.607142857142857,0.627551020408163
98,0.387755102040816,0.469387755102041
64,0.59375,0.46875
112,0.5625,0.696428571428571
42,0.452380952380952,0.571428571428571
115,0.339130434782609,0.365217391304348
5,0.4,0.0
42,0.547619047619048,0.357142857142857
184,0.516304347826087,0.521739130434783
194,0.664948453608247,0.664948453608247
101,0.425742574257426,0.445544554455446
74,0.391891891891892,0.324324324324324
112,0.464285714285714,0.508928571428571
105,0.219047619047619,0.333333333333333
182,0.527472527472527,0.587912087912088
193,0.580310880829015,0.580310880829015
16,0.25,0.5
178,0.5,0.544943820224719
199,0.457286432160804,0.462311557788945
193,0.746113989637306,0.709844559585492
48,0.270833333333333,0.229166666666667
134,0.440298507462687,0.425373134328358
142,0.598591549295775,0.549295774647887
101,0.514851485148515,0.673267326732673
116,0.456896551724138,0.474137931034483
59,0.372881355932203,0.423728813559322
171,0.584795321637427,0.619883040935672
184,0.630434782608696,0.641304347826087
146,0.458904109589041,0.486301369863014
69,0.347826086956522,0.449275362318841
85,0.494117647058824,0.435294117647059
122,0.475409836065574,0.508196721311475
24,0.208333333333333,0.416666666666667
108,0.472222222222222,0.435185185185185
127,0.637795275590551,0.62992125984252
18,0.444444444444444,0.555555555555556
83,0.481927710843373,0.566265060240964
106,0.452830188679245,0.424528301886792
58,0.586206896551724,0.586206896551724
98,0.408163265306122,0.428571428571429
99,0.565656565656566,0.535353535353535
21,0.619047619047619,0.428571428571429
139,0.58273381294964,0.62589928057554
32,0.40625,0.4375
112,0.517857142857143,0.517857142857143
159,0.389937106918239,0.427672955974843
194,0.639175257731959,0.685567010309278
189,0.428571428571429,0.476190476190476
23,0.434782608695652,0.521739130434783
161,0.559006211180124,0.62111801242236
134,0.470149253731343,0.462686567164179
200,0.435,0.435
200,0.415,0.44
143,0.615384615384615,0.594405594405594
103,0.621359223300971,0.650485436893204
164,0.579268292682927,0.567073170731707
193,0.409326424870466,0.424870466321244
155,0.387096774193548,0.470967741935484
192,0.291666666666667,0.380208333333333
18,0.333333333333333,0.5
78,0.435897435897436,0.487179487179487
79,0.392405063291139,0.544303797468354
177,0.581920903954802,0.598870056497175
104,0.740384615384615,0.826923076923077
199,0.522613065326633,0.462311557788945
13,0.153846153846154,0.153846153846154
56,0.464285714285714,0.5
145,0.682758620689655,0.579310344827586
52,0.480769230769231,0.615384615384615
194,0.742268041237113,0.711340206185567
151,0.470198675496689,0.52317880794702
96,0.364583333333333,0.291666666666667
100,0.56,0.6
75,0.813333333333333,0.826666666666667
100,0.52,0.55
106,0.518867924528302,0.566037735849057
43,0.325581395348837,0.604651162790698
145,0.6,0.620689655172414
152,0.368421052631579,0.355263157894737
55,0.290909090909091,0.490909090909091
107,0.598130841121495,0.485981308411215
60,0.333333333333333,0.416666666666667
32,0.34375,0.5
44,0.568181818181818,0.477272727272727
68,0.529411764705882,0.529411764705882
187,0.411764705882353,0.406417112299465
46,0.608695652173913,0.434782608695652
53,0.547169811320755,0.528301886792453
105,0.561904761904762,0.476190476190476
71,0.633802816901408,0.563380281690141
90,0.455555555555556,0.422222222222222
197,0.431472081218274,0.431472081218274
36,0.583333333333333,0.583333333333333
10,0.3,0.4
159,0.389937106918239,0.477987421383648
31,0.67741935483871,0.645161290322581
198,0.636363636363636,0.686868686868687
152,0.578947368421053,0.605263157894737
41,0.439024390243902,0.51219512195122
187,0.320855614973262,0.406417112299465
31,0.580645161290323,0.516129032258065
118,0.5,0.449152542372881
139,0.359712230215827,0.402877697841727
86,0.523255813953488,0.511627906976744
138,0.731884057971015,0.717391304347826
23,0.347826086956522,0.391304347826087
33,0.484848484848485,0.454545454545455
137,0.27007299270073,0.218978102189781
141,0.588652482269504,0.638297872340426
43,0.581395348837209,0.627906976744186
46,0.608695652173913,0.630434782608696
86,0.476744186046512,0.558139534883721
192,0.71875,0.625
139,0.302158273381295,0.381294964028777
71,0.676056338028169,0.816901408450704
195,0.374358974358974,0.384615384615385
167,0.293413173652695,0.335329341317365
112,0.419642857142857,0.491071428571429
89,0.404494382022472,0.382022471910112
101,0.455445544554455,0.415841584158416
159,0.59748427672956,0.515723270440252
95,0.568421052631579,0.505263157894737
48,0.6875,0.666666666666667
28,0.5,0.428571428571429
151,0.543046357615894,0.423841059602649
64,0.53125,0.5625
21,0.333333333333333,0.285714285714286
65,0.507692307692308,0.615384615384615
1,0.0,0.0
46,0.41304347826087,0.5
33,0.666666666666667,0.545454545454545
114,0.482456140350877,0.578947368421053
46,0.347826086956522,0.478260869565217
58,0.637931034482759,0.620689655172414
114,0.5,0.508771929824561
141,0.574468085106383,0.49645390070922
22,0.5,0.727272727272727
131,0.725190839694656,0.717557251908397
154,0.493506493506494,0.467532467532468
64,0.328125,0.421875
96,0.458333333333333,0.572916666666667
122,0.647540983606557,0.69672131147541
88,0.522727272727273,0.545454545454545
82,0.378048780487805,0.317073170731707
37,0.486486486486487,0.486486486486487
177,0.429378531073446,0.412429378531073
111,0.36036036036036,0.36036036036036
50,0.4,0.32
65,0.461538461538462,0.507692307692308
26,0.384615384615385,0.615384615384615
159,0.358490566037736,0.29559748427673
90,0.222222222222222,0.166666666666667
90,0.666666666666667,0.733333333333333
84,0.55952380952381,0.571428571428571
66,0.393939393939394,0.363636363636364
12,0.5,0.416666666666667
57,0.543859649122807,0.421052631578947
171,0.766081871345029,0.789473684210526
59,0.644067796610169,0.593220338983051
102,0.676470588235294,0.735294117647059
70,0.628571428571429,0.557142857142857
176,0.426136363636364,0.477272727272727
64,0.53125,0.4375
89,0.49438202247191,0.561797752808989
122,0.540983606557377,0.508196721311475
118,0.449152542372881,0.483050847457627
14,0.785714285714286,0.785714285714286
158,0.531645569620253,0.588607594936709
81,0.506172839506173,0.62962962962963
56,0.214285714285714,0.232142857142857
58,0.362068965517241,0.482758620689655
86,0.290697674418605,0.232558139534884
187,0.497326203208556,0.513368983957219
41,0.48780487804878,0.341463414634146
67,0.388059701492537,0.582089552238806
162,0.222222222222222,0.12962962962963
112,0.401785714285714,0.321428571428571
41,0.560975609756098,0.439024390243902
164,0.378048780487805,0.384146341463415
26,0.730769230769231,0.615384615384615
171,0.543859649122807,0.573099415204678
91,0.637362637362637,0.659340659340659
101,0.554455445544555,0.504950495049505
175,0.445714285714286,0.434285714285714
74,0.364864864864865,0.391891891891892
152,0.5,0.414473684210526
36,0.194444444444444,0.25
108,0.231481481481481,0.25
136,0.529411764705882,0.580882352941177
74,0.486486486486487,0.486486486486487
63,0.492063492063492,0.523809523809524
74,0.527027027027027,0.567567567567568
85,0.482352941176471,0.541176470588235
29,0.206896551724138,0.448275862068966
193,0.518134715025907,0.528497409326425
73,0.506849315068493,0.315068493150685
86,0.453488372093023,0.5
126,0.436507936507937,0.444444444444444
171,0.660818713450292,0.684210526315789
126,0.373015873015873,0.380952380952381
58,0.431034482758621,0.448275862068966
139,0.467625899280576,0.539568345323741
67,0.462686567164179,0.522388059701492
74,0.648648648648649,0.635135135135135
15,0.6,0.533333333333333
182,0.39010989010989,0.373626373626374
12,0.583333333333333,0.666666666666667
178,0.471910112359551,0.438202247191011
99,0.494949494949495,0.464646464646465
67,0.552238805970149,0.477611940298507
156,0.403846153846154,0.435897435897436
68,0.852941176470588,0.823529411764706
133,0.631578947368421,0.616541353383459
79,0.481012658227848,0.481012658227848
15,0.733333333333333,0.533333333333333
92,0.554347826086957,0.630434782608696
172,0.540697674418605,0.563953488372093
149,0.516778523489933,0.483221476510067
66,0.46969696969697,0.363636363636364
72,0.305555555555556,0.305555555555556
48,0.375,0.5
138,0.376811594202899,0.507246376811594
38,0.763157894736842,0.447368421052632
99,0.606060606060606,0.757575757575758
135,0.644444444444444,0.659259259259259
19,0.421052631578947,0.368421052631579
161,0.366459627329193,0.447204968944099
187,0.385026737967914,0.342245989304813
137,0.35036496350365,0.357664233576642
79,0.443037974683544,0.481012658227848
135,0.511111111111111,0.525925925925926
166,0.644578313253012,0.58433734939759
167,0.676646706586826,0.718562874251497
14,0.571428571428571,0.571428571428571
193,0.50259067357513,0.455958549222798
175,0.32,0.4
145,0.462068965517241,0.43448275862069
113,0.230088495575221,0.256637168141593
178,0.679775280898876,0.595505617977528
85,0.576470588235294,0.482352941176471
175,0.411428571428571,0.434285714285714
61,0.508196721311475,0.557377049180328
138,0.594202898550725,0.442028985507246
95,0.578947368421053,0.6
176,0.545454545454545,0.545454545454545
136,0.426470588235294,0.485294117647059
188,0.484042553191489,0.452127659574468
31,0.483870967741935,0.483870967741935
49,0.428571428571429,0.489795918367347
159,0.509433962264151,0.515723270440252
104,0.451923076923077,0.413461538461538
77,0.428571428571429,0.623376623376623
70,0.271428571428571,0.371428571428571
84,0.369047619047619,0.428571428571429
70,0.314285714285714,0.314285714285714
63,0.492063492063492,0.634920634920635
56,0.5,0.5
118,0.694915254237288,0.728813559322034
92,0.358695652173913,0.347826086956522
184,0.342391304347826,0.28804347826087
23,0.521739130434783,0.521739130434783
105,0.476190476190476,0.504761904761905
72,0.652777777777778,0.597222222222222
145,0.593103448275862,0.56551724137931
59,0.338983050847458,0.491525423728814
67,0.417910447761194,0.447761194029851
27,0.333333333333333,0.555555555555556
102,0.441176470588235,0.490196078431373
125,0.488,0.52
79,0.594936708860759,0.594936708860759
23,0.695652173913043,0.652173913043478
6,0.333333333333333,0.5
59,0.661016949152542,0.610169491525424
154,0.577922077922078,0.480519480519481
67,0.328358208955224,0.447761194029851
130,0.384615384615385,0.384615384615385
74,0.5,0.581081081081081
42,0.547619047619048,0.642857142857143
27,0.814814814814815,0.740740740740741
159,0.433962264150943,0.377358490566038
166,0.813253012048193,0.728915662650602
158,0.455696202531646,0.405063291139241
53,0.716981132075472,0.528301886792453
175,0.491428571428571,0.52
168,0.327380952380952,0.30952380952381
9,0.444444444444444,0.222222222222222
92,0.695652173913043,0.641304347826087
91,0.505494505494505,0.56043956043956
184,0.635869565217391,0.608695652173913
139,0.58273381294964,0.525179856115108
147,0.394557823129252,0.333333333333333
53,0.622641509433962,0.660377358490566
185,0.52972972972973,0.535135135135135
64,0.703125,0.65625
165,0.448484848484848,0.351515151515152
134,0.32089552238806,0.32089552238806
198,0.393939393939394,0.429292929292929
29,0.586206896551724,0.689655172413793
160,0.35,0.40625
36,0.333333333333333,0.222222222222222
90,0.344444444444444,0.388888888888889
103,0.271844660194175,0.310679611650485
125,0.56,0.6
81,0.333333333333333,0.419753086419753
99,0.616161616161616,0.555555555555556
166,0.210843373493976,0.234939759036145
102,0.401960784313726,0.392156862745098
107,0.336448598130841,0.355140186915888
146,0.404109589041096,0.417808219178082
88,0.375,0.386363636363636
176,0.465909090909091,0.465909090909091
146,0.568493150684932,0.527397260273973
138,0.623188405797101,0.615942028985507
15,0.533333333333333,0.733333333333333
145,0.627586206896552,0.544827586206897
119,0.53781512605042,0.563025210084034
92,0.565217391304348,0.402173913043478
147,0.496598639455782,0.448979591836735
175,0.32,0.314285714285714
37,0.702702702702703,0.540540540540541
126,0.420634920634921,0.317460317460317
59,0.457627118644068,0.389830508474576
44,0.409090909090909,0.409090909090909
27,0.62962962962963,0.444444444444444
180,0.544444444444444,0.555555555555556
38,0.526315789473684,0.552631578947368
79,0.240506329113924,0.468354430379747
163,0.276073619631902,0.337423312883436
126,0.531746031746032,0.515873015873016
143,0.545454545454545,0.482517482517482
151,0.463576158940397,0.496688741721854
17,0.764705882352941,0.764705882352941
145,0.531034482758621,0.482758620689655
118,0.423728813559322,0.389830508474576
125,0.392,0.392
151,0.602649006622517,0.655629139072848
36,0.472222222222222,0.333333333333333
175,0.497142857142857,0.485714285714286
141,0.439716312056738,0.475177304964539
54,0.407407407407407,0.37037037037037
52,0.384615384615385,0.519230769230769
179,0.486033519553073,0.407821229050279
64,0.515625,0.59375
140,0.571428571428571,0.592857142857143
118,0.491525423728814,0.474576271186441
11,0.454545454545455,0.272727272727273
98,0.5,0.551020408163265
45,0.422222222222222,0.377777777777778
95,0.642105263157895,0.663157894736842
193,0.393782383419689,0.362694300518135
160,0.68125,0.6125
38,0.421052631578947,0.289473684210526
11,0.636363636363636,0.454545454545455
3,0.333333333333333,0.333333333333333
75,0.426666666666667,0.613333333333333
71,0.47887323943662,0.464788732394366
20,0.45,0.5
89,0.651685393258427,0.651685393258427
113,0.451327433628319,0.371681415929204
134,0.67910447761194,0.582089552238806
122,0.459016393442623,0.475409836065574
166,0.409638554216867,0.481927710843373
24,0.583333333333333,0.625
101,0.514851485148515,0.623762376237624
77,0.311688311688312,0.402597402597403
181,0.287292817679558,0.220994475138122
152,0.453947368421053,0.592105263157895
137,0.416058394160584,0.364963503649635
156,0.211538461538462,0.217948717948718
125,0.664,0.632
95,0.6,0.505263157894737
47,0.574468085106383,0.638297872340426
61,0.573770491803279,0.573770491803279
161,0.478260869565217,0.527950310559006
20,0.35,0.55
82,0.5,0.51219512195122
167,0.48502994011976,0.532934131736527
44,0.522727272727273,0.568181818181818
60,0.366666666666667,0.466666666666667
179,0.564245810055866,0.513966480446927
146,0.705479452054795,0.698630136986301
77,0.311688311688312,0.363636363636364
175,0.445714285714286,0.514285714285714
189,0.365079365079365,0.391534391534392
181,0.447513812154696,0.513812154696133
122,0.311475409836066,0.409836065573771
172,0.494186046511628,0.563953488372093
150,0.266666666666667,0.326666666666667
28,0.714285714285714,0.714285714285714
68,0.382352941176471,0.5
102,0.401960784313726,0.470588235294118
76,0.552631578947368,0.460526315789474
184,0.331521739130435,0.358695652173913
66,0.333333333333333,0.5
4,0.5,0.75
116,0.698275862068966,0.71551724137931
90,0.5,0.6
169,0.390532544378698,0.420118343195266
112,0.669642857142857,0.616071428571429
74,0.621621621621622,0.662162162162162
12,0.5,0.416666666666667
78,0.448717948717949,0.474358974358974
80,0.5125,0.4625
9,0.111111111111111,0.444444444444444
140,0.514285714285714,0.492857142857143
7,0.428571428571429,0.428571428571429
103,0.621359223300971,0.640776699029126
151,0.556291390728477,0.556291390728477
90,0.411111111111111,0.377777777777778
171,0.538011695906433,0.485380116959064
116,0.672413793103448,0.646551724137931
150,0.593333333333333,0.52
198,0.409090909090909,0.454545454545455
4,0.75,0.5
120,0.55,0.616666666666667
95,0.431578947368421,0.463157894736842
50,0.44,0.44
179,0.519553072625698,0.441340782122905
86,0.837209302325581,0.779069767441861
125,0.384,0.36
161,0.527950310559006,0.478260869565217
179,0.418994413407821,0.391061452513966
5,0.6,0.4
157,0.528662420382166,0.522292993630573
141,0.560283687943262,0.574468085106383
135,0.288888888888889,0.333333333333333
186,0.462365591397849,0.510752688172043
67,0.656716417910448,0.656716417910448
196,0.505102040816326,0.489795918367347
92,0.326086956521739,0.33695652173913
142,0.598591549295775,0.640845070422535
132,0.522727272727273,0.560606060606061
63,0.666666666666667,0.587301587301587
45,0.511111111111111,0.466666666666667
61,0.409836065573771,0.475409836065574
147,0.387755102040816,0.408163265306122
83,0.44578313253012,0.36144578313253
181,0.596685082872928,0.640883977900553
105,0.580952380952381,0.523809523809524
109,0.321100917431193,0.275229357798165
104,0.490384615384615,0.538461538461538
23,0.608695652173913,0.652173913043478
130,0.392307692307692,0.415384615384615
180,0.266666666666667,0.333333333333333
79,0.379746835443038,0.430379746835443
88,0.318181818181818,0.363636363636364
167,0.712574850299401,0.62874251497006
38,0.736842105263158,0.631578947368421
120,0.425,0.391666666666667
7,0.285714285714286,0.571428571428571
185,0.345945945945946,0.324324324324324
39,0.512820512820513,0.512820512820513
39,0.538461538461538,0.538461538461538
29,0.517241379310345,0.620689655172414
173,0.421965317919075,0.439306358381503
93,0.516129032258065,0.516129032258065
115,0.443478260869565,0.48695652173913
144,0.465277777777778,0.444444444444444
186,0.473118279569892,0.5
77,0.493506493506494,0.467532467532468
162,0.469135802469136,0.395061728395062
154,0.487012987012987,0.525974025974026
151,0.245033112582781,0.28476821192053
156,0.352564102564103,0.423076923076923
45,0.533333333333333,0.377777777777778
26,0.615384615384615,0.538461538461538
66,0.363636363636364,0.348484848484849
75,0.52,0.48
53,0.264150943396226,0.339622641509434
31,0.258064516129032,0.387096774193548
68,0.529411764705882,0.647058823529412
30,0.566666666666667,0.566666666666667
33,0.272727272727273,0.242424242424242
4,0.5,0.25
112,0.482142857142857,0.580357142857143
30,0.7,0.466666666666667
193,0.528497409326425,0.512953367875648
80,0.6125,0.4875
177,0.395480225988701,0.401129943502825
80,0.425,0.5
187,0.379679144385027,0.368983957219251
165,0.533333333333333,0.490909090909091
115,0.330434782608696,0.339130434782609
107,0.551401869158878,0.588785046728972
111,0.603603603603604,0.54954954954955
136,0.448529411764706,0.441176470588235
123,0.430894308943089,0.333333333333333
38,0.394736842105263,0.421052631578947
78,0.730769230769231,0.641025641025641
31,0.612903225806452,0.709677419354839
19,0.210526315789474,0.421052631578947
109,0.522935779816514,0.477064220183486
127,0.68503937007874,0.724409448818898
141,0.546099290780142,0.567375886524823
14,0.357142857142857,0.5
48,0.333333333333333,0.416666666666667
114,0.403508771929825,0.350877192982456
22,0.5,0.545454545454545
180,0.377777777777778,0.405555555555556
69,0.579710144927536,0.536231884057971
120,0.35,0.408333333333333
156,0.737179487179487,0.685897435897436
115,0.495652173913044,0.521739130434783
89,0.640449438202247,0.584269662921348
180,0.655555555555556,0.6
81,0.518518518518518,0.419753086419753
162,0.407407407407407,0.45679012345679
105,0.561904761904762,0.561904761904762
25,0.24,0.36
97,0.556701030927835,0.43298969072165
122,0.418032786885246,0.450819672131148
191,0.591623036649215,0.50261780104712
187,0.213903743315508,0.213903743315508
149,0.577181208053691,0.644295302013423
157,0.694267515923567,0.662420382165605
169,0.633136094674556,0.621301775147929
60,0.433333333333333,0.333333333333333
23,0.173913043478261,0.434782608695652
173,0.699421965317919,0.687861271676301
179,0.558659217877095,0.558659217877095
30,0.566666666666667,0.533333333333333
80,0.3875,0.4125
194,0.489690721649485,0.438144329896907
137,0.489051094890511,0.547445255474453
70,0.542857142857143,0.542857142857143
60,0.55,0.533333333333333
25,0.72,0.56
114,0.350877192982456,0.333333333333333
181,0.441988950276243,0.464088397790055
20,0.7,0.55
27,0.37037037037037,0.37037037037037
121,0.677685950413223,0.652892561983471
35,0.285714285714286,0.257142857142857
28,0.642857142857143,0.642857142857143
1,1.0,0.0
148,0.351351351351351,0.351351351351351
157,0.573248407643312,0.515923566878981
63,0.412698412698413,0.428571428571429
14,0.285714285714286,0.5
103,0.281553398058252,0.271844660194175
147,0.605442176870748,0.612244897959184
176,0.335227272727273,0.244318181818182
137,0.54014598540146,0.54014598540146
60,0.316666666666667,0.266666666666667
145,0.4,0.427586206896552
129,0.403100775193798,0.403100775193798
2,1.0,0.0
34,0.529411764705882,0.588235294117647
103,0.281553398058252,0.378640776699029
170,0.529411764705882,0.535294117647059
84,0.273809523809524,0.226190476190476
198,0.383838383838384,0.358585858585859
3,0.666666666666667,0.666666666666667
116,0.637931034482759,0.612068965517241
199,0.587939698492462,0.613065326633166
185,0.340540540540541,0.281081081081081
101,0.475247524752475,0.544554455445545
4,0.75,0.25
145,0.682758620689655,0.56551724137931
65,0.446153846153846,0.615384615384615
60,0.5,0.45
159,0.427672955974843,0.471698113207547
96,0.65625,0.645833333333333
111,0.387387387387387,0.297297297297297
199,0.316582914572864,0.291457286432161
100,0.51,0.42
178,0.421348314606742,0.5
26,0.846153846153846,0.653846153846154
44,0.727272727272727,0.795454545454545
59,0.576271186440678,0.576271186440678
151,0.516556291390728,0.52317880794702
111,0.477477477477477,0.531531531531532
149,0.416107382550336,0.395973154362416
61,0.426229508196721,0.377049180327869
171,0.47953216374269,0.432748538011696
72,0.416666666666667,0.527777777777778
42,0.642857142857143,0.261904761904762
34,0.323529411764706,0.147058823529412
90,0.333333333333333,0.288888888888889
50,0.4,0.4
13,0.230769230769231,0.230769230769231
27,0.555555555555556,0.481481481481481
13,0.384615384615385,0.384615384615385
32,0.625,0.5625
67,0.447761194029851,0.477611940298507
197,0.649746192893401,0.624365482233503
149,0.375838926174497,0.342281879194631
24,0.333333333333333,0.333333333333333
89,0.404494382022472,0.426966292134831
179,0.474860335195531,0.46927374301676
66,0.651515151515151,0.454545454545455
4,0.75,0.5
162,0.314814814814815,0.314814814814815
70,0.642857142857143,0.614285714285714
185,0.432432432432432,0.367567567567568
90,0.4,0.433333333333333
160,0.48125,0.48125
52,0.307692307692308,0.307692307692308
147,0.619047619047619,0.639455782312925
161,0.701863354037267,0.68944099378882
19,0.578947368421053,0.368421052631579
17,0.705882352941177,0.411764705882353
26,0.423076923076923,0.576923076923077
118,0.483050847457627,0.338983050847458
107,0.700934579439252,0.691588785046729
136,0.536764705882353,0.5
192,0.5625,0.630208333333333
141,0.48936170212766,0.468085106382979
36,0.583333333333333,0.416666666666667
133,0.413533834586466,0.428571428571429
200,0.51,0.46
19,0.684210526315789,0.736842105263158
42,0.571428571428571,0.452380952380952
113,0.707964601769911,0.769911504424779
41,0.804878048780488,0.682926829268293
81,0.654320987654321,0.641975308641975
125,0.52,0.616
43,0.581395348837209,0.418604651162791
178,0.539325842696629,0.539325842696629
178,0.49438202247191,0.48876404494382
198,0.505050505050505,0.464646464646465
6,0.666666666666667,0.333333333333333
20,0.3,0.25
128,0.390625,0.5
117,0.384615384615385,0.504273504273504
122,0.418032786885246,0.459016393442623
54,0.5,0.518518518518518
7,0.714285714285714,0.714285714285714
22,0.454545454545455,0.636363636363636
17,0.411764705882353,0.294117647058824
73,0.452054794520548,0.493150684931507
95,0.557894736842105,0.6
66,0.363636363636364,0.545454545454545
108,0.555555555555556,0.555555555555556
93,0.290322580645161,0.483870967741935
127,0.543307086614173,0.519685039370079
143,0.447552447552448,0.356643356643357
156,0.41025641025641,0.416666666666667
122,0.663934426229508,0.655737704918033
189,0.507936507936508,0.555555555555556
83,0.481927710843373,0.457831325301205
66,0.681818181818182,0.757575757575758
133,0.37593984962406,0.443609022556391
70,0.414285714285714,0.4
159,0.358490566037736,0.440251572327044
56,0.321428571428571,0.267857142857143
21,0.619047619047619,0.619047619047619
120,0.525,0.466666666666667
82,0.792682926829268,0.792682926829268
37,0.378378378378378,0.459459459459459
94,0.478723404255319,0.478723404255319
60,0.266666666666667,0.35
43,0.418604651162791,0.302325581395349
95,0.715789473684211,0.684210526315789
131,0.725190839694656,0.763358778625954
103,0.456310679611651,0.378640776699029
20,0.45,0.55
111,0.351351351351351,0.441441441441441
119,0.596638655462185,0.621848739495798
77,0.584415584415584,0.675324675324675
27,0.592592592592593,0.740740740740741
174,0.517241379310345,0.448275862068966
46,0.5,0.521739130434783
65,0.323076923076923,0.230769230769231
188,0.563829787234043,0.484042553191489
142,0.683098591549296,0.683098591549296
131,0.396946564885496,0.33587786259542
57,0.473684210526316,0.473684210526316
137,0.532846715328467,0.64963503649635
119,0.38655462184874,0.411764705882353
190,0.357894736842105,0.331578947368421
88,0.477272727272727,0.556818181818182
105,0.457142857142857,0.39047619047619
117,0.555555555555556,0.598290598290598
77,0.25974025974026,0.246753246753247
122,0.5,0.459016393442623
199,0.57286432160804,0.522613065326633
180,0.416666666666667,0.4
99,0.434343434343434,0.545454545454545
20,0.65,0.55
168,0.541666666666667,0.380952380952381
43,0.325581395348837,0.395348837209302
14,0.285714285714286,0.357142857142857
134,0.5,0.455223880597015
73,0.479452054794521,0.410958904109589
199,0.301507537688442,0.341708542713568
156,0.435897435897436,0.435897435897436
98,0.591836734693878,0.520408163265306
193,0.336787564766839,0.326424870466321
120,0.616666666666667,0.5
157,0.579617834394904,0.605095541401274
177,0.570621468926554,0.491525423728814
124,0.298387096774194,0.32258064516129
100,0.36,0.44
175,0.405714285714286,0.36
200,0.365,0.305
55,0.272727272727273,0.218181818181818
86,0.453488372093023,0.36046511627907
92,0.260869565217391,0.326086956521739
47,0.446808510638298,0.468085106382979
4,0.25,0.25
184,0.41304347826087,0.434782608695652
39,0.564102564102564,0.333333333333333
113,0.619469026548673,0.707964601769911
140,0.628571428571429,0.592857142857143
11,0.454545454545455,0.272727272727273
26,0.576923076923077,0.5
186,0.543010752688172,0.634408602150538
103,0.407766990291262,0.495145631067961
21,0.761904761904762,0.523809523809524
40,0.5,0.575
155,0.496774193548387,0.541935483870968
152,0.407894736842105,0.493421052631579
23,0.478260869565217,0.652173913043478
198,0.404040404040404,0.429292929292929
41,0.463414634146341,0.439024390243902
78,0.423076923076923,0.512820512820513
49,0.571428571428571,0.612244897959184
33,0.939393939393939,0.909090909090909
115,0.452173913043478,0.530434782608696
146,0.438356164383562,0.410958904109589
151,0.635761589403974,0.596026490066225
42,0.357142857142857,0.404761904761905
81,0.802469135802469,0.753086419753086
122,0.590163934426229,0.622950819672131
133,0.503759398496241,0.488721804511278
129,0.682170542635659,0.558139534883721
9,0.666666666666667,0.444444444444444
57,0.666666666666667,0.56140350877193
53,0.660377358490566,0.716981132075472
113,0.504424778761062,0.442477876106195
31,0.387096774193548,0.516129032258065
60,0.65,0.616666666666667
74,0.391891891891892,0.378378378378378
173,0.439306358381503,0.450867052023121
142,0.408450704225352,0.366197183098592
30,0.633333333333333,0.633333333333333
164,0.792682926829268,0.75
39,0.384615384615385,0.307692307692308
193,0.715025906735751,0.766839378238342
67,0.358208955223881,0.373134328358209
51,0.686274509803922,0.666666666666667
78,0.705128205128205,0.615384615384615
45,0.622222222222222,0.6
193,0.160621761658031,0.176165803108808
54,0.592592592592593,0.481481481481481
161,0.459627329192547,0.416149068322981
19,0.473684210526316,0.736842105263158
27,0.703703703703704,0.666666666666667
188,0.638297872340426,0.558510638297872
192,0.453125,0.526041666666667
188,0.531914893617021,0.5
186,0.60752688172043,0.618279569892473
122,0.590163934426229,0.663934426229508
183,0.612021857923497,0.672131147540984
159,0.710691823899371,0.710691823899371
124,0.532258064516129,0.580645161290323
155,0.587096774193548,0.587096774193548
154,0.707792207792208,0.668831168831169
59,0.711864406779661,0.610169491525424
40,0.35,0.425
85,0.576470588235294,0.670588235294118
143,0.538461538461538,0.517482517482518
150,0.386666666666667,0.353333333333333
155,0.503225806451613,0.406451612903226
79,0.645569620253165,0.734177215189873
147,0.666666666666667,0.653061224489796
29,0.413793103448276,0.586206896551724
99,0.404040404040404,0.414141414141414
144,0.534722222222222,0.4375
76,0.618421052631579,0.710526315789474
16,0.375,0.375
24,0.458333333333333,0.291666666666667
44,0.613636363636364,0.477272727272727
75,0.32,0.453333333333333
59,0.491525423728814,0.423728813559322
168,0.458333333333333,0.476190476190476
100,0.53,0.43
111,0.495495495495495,0.522522522522523
52,0.519230769230769,0.384615384615385
48,0.625,0.645833333333333
42,0.571428571428571,0.523809523809524
160,0.5625,0.54375
138,0.405797101449275,0.384057971014493
104,0.298076923076923,0.278846153846154
96,0.270833333333333,0.40625
24,0.75,0.666666666666667
99,0.666666666666667,0.737373737373737
51,0.549019607843137,0.568627450980392
68,0.647058823529412,0.75
164,0.463414634146341,0.390243902439024
1,0.0,1.0
127,0.677165354330709,0.582677165354331
100,0.72,0.63
101,0.376237623762376,0.326732673267327
158,0.620253164556962,0.594936708860759
78,0.512820512820513,0.564102564102564
83,0.63855421686747,0.650602409638554
37,0.594594594594595,0.594594594594595
105,0.419047619047619,0.4
138,0.311594202898551,0.318840579710145
41,0.463414634146341,0.463414634146341
42,0.452380952380952,0.595238095238095
50,0.7,0.72
11,0.636363636363636,0.454545454545455
32,0.5,0.53125
190,0.621052631578947,0.615789473684211
106,0.528301886792453,0.443396226415094
75,0.48,0.466666666666667
135,0.274074074074074,0.288888888888889
145,0.441379310344828,0.427586206896552
19,0.526315789473684,0.526315789473684
131,0.49618320610687,0.519083969465649
197,0.614213197969543,0.604060913705584
158,0.518987341772152,0.436708860759494
120,0.566666666666667,0.6
184,0.407608695652174,0.385869565217391
36,0.416666666666667,0.277777777777778
158,0.575949367088608,0.563291139240506
110,0.363636363636364,0.427272727272727
34,0.411764705882353,0.411764705882353
175,0.617142857142857,0.6
46,0.217391304347826,0.260869565217391
174,0.53448275862069,0.574712643678161
96,0.5,0.510416666666667
188,0.553191489361702,0.468085106382979
200,0.45,0.465
14,0.5,0.642857142857143
8,0.5,0.25
167,0.455089820359281,0.491017964071856
21,0.333333333333333,0.333333333333333
92,0.467391304347826,0.380434782608696
93,0.451612903225806,0.473118279569892
100,0.59,0.57
66,0.484848484848485,0.484848484848485
149,0.516778523489933,0.503355704697987
126,0.349206349206349,0.365079365079365
134,0.544776119402985,0.567164179104478
43,0.325581395348837,0.395348837209302
198,0.48989898989899,0.444444444444444
107,0.682242990654206,0.588785046728972
107,0.644859813084112,0.532710280373832
85,0.458823529411765,0.423529411764706
104,0.451923076923077,0.480769230769231
75,0.546666666666667,0.466666666666667
137,0.284671532846715,0.255474452554745
112,0.660714285714286,0.6875
23,0.565217391304348,0.652173913043478
154,0.487012987012987,0.428571428571429
19,0.526315789473684,0.421052631578947
18,0.833333333333333,0.555555555555556
151,0.311258278145695,0.324503311258278
100,0.43,0.45
100,0.42,0.41
17,0.529411764705882,0.352941176470588
46,0.434782608695652,0.543478260869565
3,0.666666666666667,0.0
143,0.412587412587413,0.461538461538462
200,0.31,0.285
8,0.875,0.875
109,0.467889908256881,0.596330275229358
87,0.505747126436782,0.436781609195402
84,0.488095238095238,0.44047619047619
80,0.7,0.6375
22,0.318181818181818,0.318181818181818
97,0.597938144329897,0.56701030927835
157,0.515923566878981,0.452229299363057
44,0.681818181818182,0.659090909090909
64,0.640625,0.59375
4,0.5,0.25
52,0.230769230769231,0.173076923076923
47,0.404255319148936,0.297872340425532
48,0.416666666666667,0.520833333333333
193,0.352331606217617,0.33160621761658
190,0.721052631578947,0.678947368421053
188,0.468085106382979,0.462765957446808
79,0.506329113924051,0.493670886075949
78,0.756410256410256,0.692307692307692
193,0.694300518134715,0.704663212435233
92,0.326086956521739,0.423913043478261
159,0.559748427672956,0.622641509433962
123,0.479674796747967,0.455284552845528
145,0.717241379310345,0.696551724137931
172,0.395348837209302,0.441860465116279
119,0.663865546218487,0.596638655462185
165,0.278787878787879,0.303030303030303
135,0.651851851851852,0.511111111111111
78,0.576923076923077,0.576923076923077
127,0.480314960629921,0.503937007874016
97,0.814432989690722,0.680412371134021
171,0.444444444444444,0.409356725146199
184,0.222826086956522,0.217391304347826
58,0.568965517241379,0.482758620689655
23,0.608695652173913,0.434782608695652
113,0.68141592920354,0.707964601769911
79,0.518987341772152,0.518987341772152
100,0.49,0.49
97,0.608247422680412,0.690721649484536
123,0.479674796747967,0.40650406504065
169,0.372781065088757,0.390532544378698
39,0.307692307692308,0.487179487179487
68,0.441176470588235,0.573529411764706
89,0.51685393258427,0.528089887640449
93,0.290322580645161,0.365591397849462
7,0.857142857142857,0.857142857142857
138,0.449275362318841,0.471014492753623
146,0.554794520547945,0.643835616438356
56,0.517857142857143,0.535714285714286
67,0.582089552238806,0.597014925373134
182,0.401098901098901,0.450549450549451
69,0.434782608695652,0.391304347826087
163,0.687116564417178,0.736196319018405
144,0.715277777777778,0.770833333333333
200,0.615,0.6
66,0.666666666666667,0.666666666666667
189,0.523809523809524,0.544973544973545
58,0.568965517241379,0.379310344827586
137,0.489051094890511,0.474452554744526
30,0.8,0.8
113,0.504424778761062,0.539823008849557
157,0.477707006369427,0.490445859872611
194,0.242268041237113,0.355670103092784
146,0.602739726027397,0.554794520547945
50,0.54,0.5
149,0.476510067114094,0.436241610738255
187,0.32620320855615,0.304812834224599
83,0.698795180722892,0.710843373493976
185,0.551351351351351,0.572972972972973
2,0.5,0.5
159,0.553459119496855,0.509433962264151
20,0.55,0.7
119,0.436974789915966,0.378151260504202
11,0.454545454545455,0.454545454545455
34,0.411764705882353,0.382352941176471
10,0.3,0.3
42,0.5,0.571428571428571
140,0.564285714285714,0.564285714285714
64,0.46875,0.515625
5,0.6,1.0
166,0.626506024096386,0.58433734939759
93,0.473118279569892,0.408602150537634
39,0.358974358974359,0.307692307692308
172,0.354651162790698,0.476744186046512
169,0.520710059171598,0.455621301775148
101,0.544554455445545,0.455445544554455
93,0.451612903225806,0.516129032258065
59,0.440677966101695,0.525423728813559
134,0.559701492537313,0.574626865671642
117,0.487179487179487,0.512820512820513
157,0.45859872611465,0.452229299363057
151,0.311258278145695,0.397350993377483
63,0.396825396825397,0.365079365079365
165,0.484848484848485,0.442424242424242
143,0.370629370629371,0.34965034965035
58,0.396551724137931,0.46551724137931
102,0.617647058823529,0.53921568627451
61,0.360655737704918,0.475409836065574
193,0.507772020725389,0.38860103626943
145,0.131034482758621,0.117241379310345
99,0.545454545454545,0.525252525252525
155,0.490322580645161,0.561290322580645
179,0.407821229050279,0.374301675977654
7,0.285714285714286,0.142857142857143
171,0.573099415204678,0.549707602339181
70,0.571428571428571,0.557142857142857
17,0.647058823529412,0.647058823529412
120,0.458333333333333,0.4
189,0.423280423280423,0.412698412698413
53,0.39622641509434,0.490566037735849
186,0.521505376344086,0.543010752688172
81,0.481481481481481,0.481481481481481
91,0.637362637362637,0.681318681318681
191,0.518324607329843,0.596858638743455
132,0.5,0.553030303030303
176,0.340909090909091,0.278409090909091
183,0.546448087431694,0.524590163934426
187,0.299465240641711,0.320855614973262
43,0.27906976744186,0.372093023255814
162,0.580246913580247,0.555555555555556
91,0.637362637362637,0.725274725274725
86,0.337209302325581,0.348837209302326
194,0.350515463917526,0.309278350515464
88,0.318181818181818,0.295454545454545
145,0.413793103448276,0.358620689655172
98,0.744897959183674,0.642857142857143
49,0.408163265306122,0.510204081632653
86,0.709302325581395,0.581395348837209
43,0.418604651162791,0.465116279069767
77,0.74025974025974,0.61038961038961
115,0.460869565217391,0.434782608695652
119,0.521008403361345,0.647058823529412
113,0.619469026548673,0.601769911504425
175,0.308571428571429,0.405714285714286
156,0.769230769230769,0.814102564102564
14,0.285714285714286,0.571428571428571
162,0.388888888888889,0.401234567901235
4,0.75,0.75
155,0.670967741935484,0.67741935483871
53,0.584905660377358,0.773584905660377
35,0.714285714285714,0.485714285714286
27,0.333333333333333,0.0740740740740741
129,0.736434108527132,0.697674418604651
185,0.405405405405405,0.454054054054054
193,0.424870466321244,0.430051813471503
186,0.521505376344086,0.446236559139785
188,0.590425531914894,0.627659574468085
36,0.611111111111111,0.277777777777778
113,0.36283185840708,0.433628318584071
6,0.833333333333333,0.833333333333333
166,0.421686746987952,0.524096385542169
126,0.507936507936508,0.484126984126984
40,0.325,0.4
134,0.164179104477612,0.328358208955224
8,0.5,0.875
126,0.238095238095238,0.238095238095238
95,0.294736842105263,0.284210526315789
190,0.636842105263158,0.684210526315789
62,0.403225806451613,0.387096774193548
24,0.333333333333333,0.416666666666667
50,0.62,0.72
89,0.584269662921348,0.561797752808989
96,0.6875,0.71875
171,0.60233918128655,0.619883040935672
189,0.592592592592593,0.582010582010582
7,0.428571428571429,0.285714285714286
112,0.633928571428571,0.580357142857143
59,0.661016949152542,0.508474576271186
182,0.478021978021978,0.428571428571429
5,0.6,0.6
14,0.642857142857143,0.428571428571429
154,0.558441558441558,0.487012987012987
31,0.516129032258065,0.709677419354839
67,0.656716417910448,0.641791044776119
49,0.346938775510204,0.469387755102041
193,0.347150259067358,0.352331606217617
195,0.584615384615385,0.528205128205128
84,0.595238095238095,0.69047619047619
87,0.229885057471264,0.298850574712644
194,0.309278350515464,0.335051546391753
83,0.421686746987952,0.433734939759036
95,0.642105263157895,0.547368421052632
186,0.586021505376344,0.591397849462366
137,0.54014598540146,0.510948905109489
159,0.477987421383648,0.377358490566038
45,0.244444444444444,0.177777777777778
60,0.433333333333333,0.483333333333333
53,0.679245283018868,0.566037735849057
43,0.558139534883721,0.395348837209302
174,0.390804597701149,0.402298850574713
197,0.269035532994924,0.258883248730964
106,0.726415094339623,0.688679245283019
135,0.496296296296296,0.481481481481481
196,0.576530612244898,0.602040816326531
67,0.417910447761194,0.537313432835821
55,0.690909090909091,0.709090909090909
100,0.39,0.53
56,0.607142857142857,0.553571428571429
165,0.606060606060606,0.575757575757576
28,0.321428571428571,0.285714285714286
152,0.532894736842105,0.506578947368421
179,0.58659217877095,0.547486033519553
56,0.625,0.607142857142857
35,0.314285714285714,0.314285714285714
63,0.587301587301587,0.73015873015873
158,0.525316455696203,0.436708860759494
182,0.39010989010989,0.434065934065934
22,0.5,0.454545454545455
75,0.373333333333333,0.386666666666667
199,0.386934673366834,0.381909547738693
89,0.617977528089888,0.674157303370786
165,0.581818181818182,0.557575757575758
92,0.445652173913043,0.391304347826087
128,0.5703125,0.6328125
11,0.545454545454545,0.545454545454545
101,0.445544554455446,0.584158415841584
70,0.7,0.728571428571429
167,0.526946107784431,0.508982035928144
144,0.381944444444444,0.347222222222222
112,0.508928571428571,0.508928571428571
63,0.619047619047619,0.587301587301587
47,0.574468085106383,0.425531914893617
171,0.327485380116959,0.292397660818713
100,0.41,0.33
119,0.521008403361345,0.605042016806723
152,0.421052631578947,0.473684210526316
128,0.6796875,0.640625
88,0.636363636363636,0.579545454545455
143,0.545454545454545,0.573426573426573
152,0.506578947368421,0.5
18,0.722222222222222,0.444444444444444
146,0.321917808219178,0.438356164383562
156,0.416666666666667,0.506410256410256
53,0.811320754716981,0.735849056603774
111,0.45045045045045,0.513513513513513
21,0.333333333333333,0.571428571428571
143,0.384615384615385,0.41958041958042
22,0.454545454545455,0.409090909090909
164,0.408536585365854,0.408536585365854
5,0.8,0.2
37,0.540540540540541,0.567567567567568
99,0.595959595959596,0.585858585858586
116,0.336206896551724,0.370689655172414
62,0.67741935483871,0.564516129032258
200,0.525,0.51
74,0.621621621621622,0.540540540540541
126,0.523809523809524,0.468253968253968
25,0.52,0.48
139,0.287769784172662,0.323741007194245
94,0.553191489361702,0.457446808510638
31,0.387096774193548,0.483870967741935
179,0.458100558659218,0.631284916201117
130,0.338461538461538,0.430769230769231
172,0.47093023255814,0.494186046511628
90,0.377777777777778,0.422222222222222
111,0.396396396396396,0.486486486486487
29,0.586206896551724,0.379310344827586
176,0.681818181818182,0.670454545454545
140,0.314285714285714,0.342857142857143
141,0.539007092198582,0.539007092198582
163,0.588957055214724,0.693251533742331
123,0.414634146341463,0.373983739837398
27,0.333333333333333,0.481481481481481
29,0.379310344827586,0.551724137931034
12,0.416666666666667,0.416666666666667
144,0.534722222222222,0.5625
143,0.587412587412587,0.566433566433566
20,0.55,0.45
102,0.588235294117647,0.470588235294118
144,0.583333333333333,0.472222222222222
158,0.620253164556962,0.582278481012658
115,0.4,0.426086956521739
30,0.266666666666667,0.433333333333333
81,0.481481481481481,0.432098765432099
65,0.4,0.6
190,0.484210526315789,0.510526315789474
125,0.488,0.472
126,0.642857142857143,0.571428571428571
32,0.53125,0.5
5,0.6,0.4
84,0.595238095238095,0.583333333333333
74,0.540540540540541,0.567567567567568
24,0.333333333333333,0.458333333333333
45,0.444444444444444,0.488888888888889
135,0.533333333333333,0.525925925925926
118,0.364406779661017,0.440677966101695
191,0.287958115183246,0.246073298429319
83,0.469879518072289,0.421686746987952
153,0.65359477124183,0.620915032679739
102,0.490196078431373,0.431372549019608
42,0.5,0.452380952380952
90,0.555555555555556,0.388888888888889
158,0.569620253164557,0.550632911392405
30,0.7,0.466666666666667
156,0.596153846153846,0.621794871794872
83,0.686746987951807,0.710843373493976
113,0.495575221238938,0.451327433628319
50,0.38,0.52
192,0.609375,0.65625
111,0.252252252252252,0.27027027027027
78,0.551282051282051,0.58974358974359
47,0.531914893617021,0.531914893617021
71,0.267605633802817,0.380281690140845
83,0.409638554216867,0.385542168674699
122,0.245901639344262,0.295081967213115
169,0.615384615384615,0.568047337278107
157,0.64968152866242,0.662420382165605
136,0.507352941176471,0.639705882352941
173,0.369942196531792,0.502890173410405
39,0.461538461538462,0.615384615384615
20,0.45,0.35
6,0.666666666666667,0.5
1,0.0,1.0
159,0.742138364779874,0.628930817610063
129,0.426356589147287,0.418604651162791
1,1.0,0.0
46,0.521739130434783,0.652173913043478
175,0.782857142857143,0.725714285714286
173,0.497109826589595,0.421965317919075
152,0.460526315789474,0.480263157894737
140,0.528571428571429,0.6
97,0.402061855670103,0.402061855670103
81,0.419753086419753,0.37037037037037
119,0.563025210084034,0.571428571428571
142,0.401408450704225,0.394366197183099
186,0.56989247311828,0.596774193548387
187,0.6524064171123,0.636363636363636
74,0.648648648648649,0.594594594594595
86,0.581395348837209,0.63953488372093
30,0.5,0.433333333333333
2,1.0,0.0
43,0.534883720930233,0.465116279069767
121,0.355371900826446,0.462809917355372
195,0.533333333333333,0.487179487179487
61,0.245901639344262,0.344262295081967
74,0.364864864864865,0.405405405405405
141,0.595744680851064,0.659574468085106
147,0.380952380952381,0.312925170068027
164,0.481707317073171,0.5
61,0.672131147540984,0.639344262295082
28,0.464285714285714,0.535714285714286
107,0.570093457943925,0.616822429906542
156,0.429487179487179,0.467948717948718
87,0.609195402298851,0.655172413793103
18,0.611111111111111,0.722222222222222
187,0.422459893048128,0.374331550802139
184,0.576086956521739,0.565217391304348
4,0.5,0.25
99,0.636363636363636,0.646464646464647
17,0.352941176470588,0.411764705882353
150,0.566666666666667,0.48
118,0.601694915254237,0.508474576271186
38,0.5,0.368421052631579
123,0.544715447154472,0.495934959349593
167,0.580838323353293,0.514970059880239
82,0.634146341463415,0.548780487804878
22,0.363636363636364,0.363636363636364
191,0.586387434554974,0.570680628272251
138,0.673913043478261,0.644927536231884
81,0.580246913580247,0.641975308641975
75,0.44,0.453333333333333
84,0.488095238095238,0.583333333333333
86,0.406976744186047,0.511627906976744
143,0.461538461538462,0.482517482517482
77,0.220779220779221,0.25974025974026
126,0.380952380952381,0.373015873015873
50,0.62,0.52
132,0.386363636363636,0.393939393939394
135,0.57037037037037,0.57037037037037
83,0.469879518072289,0.530120481927711
156,0.538461538461538,0.564102564102564
110,0.545454545454545,0.536363636363636
154,0.474025974025974,0.441558441558442
4,0.25,0.75
78,0.551282051282051,0.653846153846154
44,0.568181818181818,0.409090909090909
41,0.48780487804878,0.390243902439024
157,0.56687898089172,0.592356687898089
119,0.310924369747899,0.361344537815126
132,0.590909090909091,0.53030303030303
176,0.630681818181818,0.670454545454545
89,0.685393258426966,0.719101123595506
42,0.357142857142857,0.333333333333333
45,0.622222222222222,0.533333333333333
110,0.5,0.609090909090909
44,0.590909090909091,0.613636363636364
73,0.465753424657534,0.506849315068493
32,0.59375,0.53125
31,0.32258064516129,0.387096774193548
71,0.492957746478873,0.619718309859155
69,0.405797101449275,0.478260869565217
190,0.431578947368421,0.484210526315789
166,0.463855421686747,0.457831325301205
161,0.652173913043478,0.645962732919255
128,0.4375,0.4609375
200,0.385,0.375
14,0.571428571428571,0.571428571428571
190,0.468421052631579,0.442105263157895
73,0.534246575342466,0.589041095890411
187,0.374331550802139,0.288770053475936
43,0.418604651162791,0.604651162790698
142,0.556338028169014,0.556338028169014
119,0.369747899159664,0.38655462184874
28,0.357142857142857,0.25
141,0.50354609929078,0.48936170212766
96,0.333333333333333,0.302083333333333
43,0.418604651162791,0.465116279069767
171,0.596491228070175,0.678362573099415
115,0.452173913043478,0.51304347826087
126,0.523809523809524,0.531746031746032
3,0.0,0.333333333333333
74,0.459459459459459,0.351351351351351
189,0.650793650793651,0.592592592592593
188,0.547872340425532,0.654255319148936
132,0.537878787878788,0.522727272727273
70,0.628571428571429,0.671428571428571
41,0.658536585365854,0.48780487804878
17,0.352941176470588,0.411764705882353
187,0.390374331550802,0.401069518716578
103,0.631067961165049,0.699029126213592
168,0.43452380952381,0.398809523809524
90,0.566666666666667,0.566666666666667
55,0.636363636363636,0.672727272727273
90,0.566666666666667,0.522222222222222
156,0.67948717948718,0.692307692307692
142,0.408450704225352,0.352112676056338
72,0.569444444444444,0.555555555555556
78,0.576923076923077,0.602564102564103
172,0.476744186046512,0.482558139534884
29,0.724137931034483,0.689655172413793
185,0.535135135135135,0.524324324324324
38,0.5,0.631578947368421
182,0.538461538461538,0.543956043956044
93,0.193548387096774,0.311827956989247
143,0.468531468531469,0.391608391608392
148,0.486486486486487,0.405405405405405
72,0.666666666666667,0.541666666666667
90,0.522222222222222,0.577777777777778
45,0.444444444444444,0.4
16,0.4375,0.5625
80,0.7125,0.7125
170,0.394117647058824,0.388235294117647
184,0.58695652173913,0.625
43,0.302325581395349,0.441860465116279
53,0.679245283018868,0.584905660377358
37,0.432432432432432,0.675675675675676
1,0.0,0.0
45,0.288888888888889,0.355555555555556
65,0.507692307692308,0.569230769230769
112,0.285714285714286,0.232142857142857
120,0.725,0.783333333333333
80,0.45,0.475
32,0.4375,0.5
14,0.642857142857143,0.357142857142857
188,0.414893617021277,0.372340425531915
173,0.595375722543353,0.658959537572254
139,0.352517985611511,0.37410071942446
74,0.662162162162162,0.608108108108108
169,0.396449704142012,0.36094674556213
7,0.571428571428571,0.571428571428571
130,0.507692307692308,0.530769230769231
23,0.478260869565217,0.434782608695652
135,0.540740740740741,0.555555555555556
82,0.402439024390244,0.402439024390244
165,0.672727272727273,0.703030303030303
66,0.484848484848485,0.560606060606061
103,0.194174757281553,0.271844660194175
165,0.436363636363636,0.460606060606061
194,0.438144329896907,0.463917525773196
43,0.744186046511628,0.813953488372093
166,0.566265060240964,0.632530120481928
190,0.221052631578947,0.189473684210526
176,0.375,0.397727272727273
26,0.423076923076923,0.423076923076923
111,0.693693693693694,0.756756756756757
191,0.602094240837696,0.617801047120419
70,0.557142857142857,0.657142857142857
196,0.469387755102041,0.474489795918367
198,0.494949494949495,0.565656565656566
107,0.504672897196262,0.467289719626168
113,0.380530973451327,0.31858407079646
76,0.618421052631579,0.578947368421053
8,0.375,0.5
161,0.639751552795031,0.658385093167702
164,0.560975609756098,0.609756097560976
12,0.583333333333333,0.333333333333333
50,0.42,0.48
16,0.625,0.5625
107,0.523364485981308,0.560747663551402
198,0.409090909090909,0.444444444444444
106,0.537735849056604,0.537735849056604
31,0.483870967741935,0.612903225806452
43,0.627906976744186,0.581395348837209
45,0.4,0.488888888888889
194,0.525773195876289,0.489690721649485
80,0.525,0.4625
9,0.555555555555556,0.333333333333333
99,0.565656565656566,0.434343434343434
170,0.447058823529412,0.382352941176471
14,0.714285714285714,0.357142857142857
21,0.523809523809524,0.523809523809524
61,0.639344262295082,0.688524590163934
195,0.302564102564103,0.461538461538462
126,0.46031746031746,0.444444444444444
72,0.388888888888889,0.319444444444444
30,0.5,0.666666666666667
143,0.552447552447552,0.482517482517482
177,0.23728813559322,0.31638418079096
81,0.54320987654321,0.592592592592593
29,0.586206896551724,0.379310344827586
110,0.481818181818182,0.490909090909091
5,0.4,0.6
64,0.5625,0.5625
112,0.464285714285714,0.392857142857143
109,0.513761467889908,0.669724770642202
155,0.432258064516129,0.432258064516129
53,0.547169811320755,0.433962264150943
70,0.7,0.557142857142857
1,0.0,1.0
140,0.564285714285714,0.535714285714286
149,0.577181208053691,0.570469798657718
71,0.28169014084507,0.323943661971831
108,0.601851851851852,0.564814814814815
189,0.576719576719577,0.55026455026455
51,0.450980392156863,0.509803921568627
69,0.63768115942029,0.594202898550725
183,0.524590163934426,0.551912568306011
28,0.5,0.607142857142857
73,0.657534246575342,0.561643835616438
190,0.405263157894737,0.436842105263158
52,0.730769230769231,0.730769230769231
137,0.430656934306569,0.386861313868613
36,0.888888888888889,0.694444444444444
109,0.440366972477064,0.486238532110092
51,0.450980392156863,0.470588235294118
126,0.587301587301587,0.603174603174603
64,0.6875,0.6875
198,0.707070707070707,0.631313131313131
93,0.43010752688172,0.376344086021505
18,0.222222222222222,0.277777777777778
118,0.542372881355932,0.559322033898305
98,0.704081632653061,0.724489795918367
126,0.555555555555556,0.515873015873016
49,0.571428571428571,0.469387755102041
97,0.639175257731959,0.690721649484536
131,0.534351145038168,0.534351145038168
11,0.636363636363636,0.545454545454545
54,0.703703703703704,0.888888888888889
15,0.4,0.533333333333333
50,0.66,0.5
29,0.379310344827586,0.551724137931034
12,0.75,0.5
21,0.476190476190476,0.714285714285714
144,0.520833333333333,0.597222222222222
148,0.310810810810811,0.439189189189189
74,0.459459459459459,0.5
155,0.567741935483871,0.47741935483871
24,0.708333333333333,0.666666666666667
107,0.682242990654206,0.738317757009346
91,0.395604395604396,0.32967032967033
130,0.323076923076923,0.369230769230769
181,0.729281767955801,0.701657458563536
3,0.333333333333333,0.666666666666667
122,0.286885245901639,0.295081967213115
75,0.52,0.52
10,0.7,0.4
59,0.440677966101695,0.440677966101695
81,0.54320987654321,0.54320987654321
195,0.302564102564103,0.302564102564103
33,0.333333333333333,0.303030303030303
178,0.646067415730337,0.567415730337079
64,0.625,0.59375
153,0.549019607843137,0.588235294117647
137,0.54014598540146,0.489051094890511
21,0.571428571428571,0.333333333333333
127,0.543307086614173,0.692913385826772
6,0.666666666666667,0.833333333333333
17,0.529411764705882,0.470588235294118
174,0.459770114942529,0.459770114942529
196,0.61734693877551,0.551020408163265
161,0.596273291925466,0.527950310559006
134,0.626865671641791,0.701492537313433
151,0.410596026490066,0.516556291390728
136,0.441176470588235,0.441176470588235
91,0.285714285714286,0.263736263736264
155,0.258064516129032,0.316129032258064
112,0.455357142857143,0.446428571428571
193,0.663212435233161,0.663212435233161
84,0.476190476190476,0.357142857142857
94,0.329787234042553,0.297872340425532
53,0.377358490566038,0.320754716981132
14,0.5,0.428571428571429
13,0.769230769230769,0.692307692307692
114,0.675438596491228,0.745614035087719
43,0.418604651162791,0.604651162790698
172,0.418604651162791,0.38953488372093
122,0.516393442622951,0.532786885245902
192,0.671875,0.541666666666667
46,0.478260869565217,0.456521739130435
159,0.371069182389937,0.39622641509434
117,0.512820512820513,0.47008547008547
16,0.25,0.375
115,0.521739130434783,0.460869565217391
91,0.472527472527473,0.472527472527473
37,0.513513513513513,0.486486486486487
99,0.383838383838384,0.292929292929293
104,0.432692307692308,0.384615384615385
173,0.393063583815029,0.445086705202312
78,0.474358974358974,0.41025641025641
64,0.515625,0.4375
111,0.279279279279279,0.27027027027027
188,0.308510638297872,0.234042553191489
189,0.497354497354497,0.481481481481481
174,0.379310344827586,0.396551724137931
42,0.595238095238095,0.666666666666667
16,0.5,0.4375
133,0.466165413533835,0.541353383458647
168,0.636904761904762,0.55952380952381
200,0.365,0.38
116,0.672413793103448,0.594827586206897
26,0.307692307692308,0.5
125,0.544,0.52
194,0.61340206185567,0.65979381443299
19,0.368421052631579,0.631578947368421
26,0.730769230769231,0.653846153846154
145,0.379310344827586,0.386206896551724
152,0.690789473684211,0.611842105263158
187,0.497326203208556,0.481283422459893
91,0.549450549450549,0.43956043956044
3,1.0,0.666666666666667
80,0.6625,0.625
32,0.59375,0.4375
138,0.427536231884058,0.347826086956522
50,0.42,0.52
89,0.550561797752809,0.685393258426966
129,0.271317829457364,0.325581395348837
134,0.432835820895522,0.455223880597015
138,0.536231884057971,0.565217391304348
113,0.575221238938053,0.601769911504425
86,0.465116279069767,0.476744186046512
187,0.39572192513369,0.433155080213904
185,0.556756756756757,0.556756756756757
30,0.466666666666667,0.333333333333333
176,0.420454545454545,0.431818181818182
73,0.397260273972603,0.410958904109589
58,0.448275862068966,0.413793103448276
65,0.476923076923077,0.430769230769231
19,0.526315789473684,0.736842105263158
42,0.333333333333333,0.452380952380952
165,0.6,0.539393939393939
3,0.333333333333333,0.333333333333333
182,0.5,0.554945054945055
107,0.607476635514019,0.710280373831776
77,0.714285714285714,0.584415584415584
134,0.492537313432836,0.544776119402985
63,0.634920634920635,0.634920634920635
47,0.574468085106383,0.531914893617021
111,0.576576576576577,0.594594594594595
125,0.616,0.576
21,0.333333333333333,0.380952380952381
161,0.459627329192547,0.527950310559006
38,0.421052631578947,0.447368421052632
44,0.772727272727273,0.613636363636364
198,0.535353535353535,0.525252525252525
97,0.65979381443299,0.56701030927835
184,0.402173913043478,0.423913043478261
37,0.621621621621622,0.621621621621622
82,0.475609756097561,0.390243902439024
29,0.448275862068966,0.413793103448276
157,0.560509554140127,0.560509554140127
99,0.363636363636364,0.282828282828283
81,0.679012345679012,0.592592592592593
18,0.666666666666667,0.722222222222222
22,0.545454545454545,0.636363636363636
150,0.42,0.36
112,0.625,0.669642857142857
22,0.409090909090909,0.454545454545455
85,0.541176470588235,0.435294117647059
86,0.488372093023256,0.476744186046512
132,0.378787878787879,0.492424242424242
55,0.454545454545455,0.563636363636364
119,0.781512605042017,0.848739495798319
37,0.351351351351351,0.621621621621622
20,0.65,0.45
86,0.406976744186047,0.36046511627907
111,0.621621621621622,0.540540540540541
119,0.579831932773109,0.495798319327731
145,0.482758620689655,0.558620689655172
29,0.482758620689655,0.655172413793103
72,0.375,0.444444444444444
61,0.508196721311475,0.491803278688525
133,0.315789473684211,0.308270676691729
170,0.652941176470588,0.635294117647059
116,0.612068965517241,0.637931034482759
120,0.658333333333333,0.541666666666667
24,0.583333333333333,0.5
101,0.554455445544555,0.594059405940594
177,0.395480225988701,0.474576271186441
66,0.439393939393939,0.53030303030303
145,0.510344827586207,0.551724137931034
61,0.360655737704918,0.39344262295082
104,0.480769230769231,0.490384615384615
134,0.417910447761194,0.485074626865672
182,0.587912087912088,0.620879120879121
118,0.627118644067797,0.550847457627119
136,0.602941176470588,0.580882352941177
193,0.430051813471503,0.492227979274611
63,0.396825396825397,0.476190476190476
37,0.540540540540541,0.324324324324324
27,0.62962962962963,0.518518518518518
43,0.395348837209302,0.395348837209302
146,0.452054794520548,0.445205479452055
171,0.368421052631579,0.374269005847953
72,0.666666666666667,0.611111111111111
10,0.4,0.3
151,0.596026490066225,0.543046357615894
36,0.472222222222222,0.361111111111111
131,0.587786259541985,0.618320610687023
95,0.515789473684211,0.610526315789474
159,0.270440251572327,0.29559748427673
99,0.636363636363636,0.555555555555556
150,0.673333333333333,0.68
39,0.307692307692308,0.358974358974359
195,0.615384615384615,0.651282051282051
134,0.32089552238806,0.41044776119403
190,0.231578947368421,0.189473684210526
103,0.427184466019417,0.310679611650485
81,0.518518518518518,0.518518518518518
41,0.390243902439024,0.634146341463415
192,0.645833333333333,0.734375
19,0.842105263157895,0.736842105263158
54,0.481481481481481,0.481481481481481
142,0.401408450704225,0.387323943661972
119,0.621848739495798,0.647058823529412
35,0.285714285714286,0.571428571428571
99,0.707070707070707,0.737373737373737
163,0.312883435582822,0.331288343558282
174,0.448275862068966,0.505747126436782
42,0.571428571428571,0.595238095238095
78,0.435897435897436,0.435897435897436
79,0.531645569620253,0.468354430379747
29,0.310344827586207,0.275862068965517
17,0.647058823529412,0.823529411764706
24,0.291666666666667,0.5
174,0.448275862068966,0.28735632183908
33,0.515151515151515,0.515151515151515
8,1.0,0.625
41,0.536585365853659,0.560975609756098
147,0.537414965986395,0.530612244897959
99,0.565656565656566,0.565656565656566
24,0.541666666666667,0.666666666666667
111,0.585585585585586,0.54954954954955
7,0.571428571428571,0.714285714285714
37,0.0810810810810811,0.108108108108108
74,0.608108108108108,0.621621621621622
86,0.546511627906977,0.488372093023256
145,0.510344827586207,0.531034482758621
9,0.888888888888889,0.777777777777778
117,0.461538461538462,0.452991452991453
75,0.32,0.306666666666667
147,0.210884353741497,0.231292517006803
74,0.621621621621622,0.662162162162162
52,0.673076923076923,0.576923076923077
18,0.333333333333333,0.5
179,0.497206703910615,0.46927374301676
134,0.529850746268657,0.417910447761194
161,0.509316770186335,0.559006211180124
149,0.248322147651007,0.322147651006711
9,0.555555555555556,0.555555555555556
166,0.397590361445783,0.41566265060241
181,0.552486187845304,0.596685082872928
19,0.578947368421053,0.684210526315789
25,0.16,0.28
61,0.491803278688525,0.360655737704918
128,0.375,0.359375
125,0.528,0.664
42,0.595238095238095,0.571428571428571
50,0.4,0.34
200,0.545,0.505
25,0.68,0.6
197,0.50761421319797,0.456852791878173
128,0.3828125,0.375
126,0.563492063492063,0.531746031746032
61,0.475409836065574,0.590163934426229
118,0.38135593220339,0.38135593220339
141,0.482269503546099,0.539007092198582
84,0.619047619047619,0.619047619047619
136,0.382352941176471,0.345588235294118
160,0.5125,0.51875
28,0.321428571428571,0.321428571428571
155,0.348387096774194,0.341935483870968
175,0.605714285714286,0.674285714285714
102,0.401960784313726,0.480392156862745
86,0.441860465116279,0.441860465116279
103,0.621359223300971,0.679611650485437
99,0.555555555555556,0.414141414141414
25,0.6,0.52
104,0.519230769230769,0.538461538461538
3,1.0,0.0
38,0.5,0.473684210526316
55,0.2,0.309090909090909
84,0.547619047619048,0.69047619047619
142,0.612676056338028,0.556338028169014
26,0.576923076923077,0.538461538461538
101,0.287128712871287,0.415841584158416
72,0.555555555555556,0.555555555555556
174,0.557471264367816,0.597701149425287
155,0.387096774193548,0.361290322580645
126,0.531746031746032,0.468253968253968
12,0.5,0.5
193,0.321243523316062,0.373056994818653
176,0.579545454545455,0.590909090909091
11,1.0,0.727272727272727
37,0.405405405405405,0.540540540540541
72,0.444444444444444,0.472222222222222
144,0.611111111111111,0.722222222222222
183,0.491803278688525,0.404371584699454
128,0.4453125,0.515625
135,0.37037037037037,0.42962962962963
112,0.446428571428571,0.544642857142857
72,0.583333333333333,0.722222222222222
63,0.365079365079365,0.349206349206349
79,0.455696202531646,0.455696202531646
104,0.557692307692308,0.557692307692308
36,0.583333333333333,0.611111111111111
22,0.5,0.454545454545455
150,0.36,0.406666666666667
57,0.56140350877193,0.631578947368421
54,0.555555555555556,0.462962962962963
8,0.5,0.25
9,0.333333333333333,0.555555555555556
3,0.333333333333333,1.0
24,0.625,0.625
33,0.484848484848485,0.515151515151515
104,0.644230769230769,0.625
18,0.722222222222222,0.722222222222222
163,0.49079754601227,0.533742331288344
145,0.462068965517241,0.441379310344828
22,0.681818181818182,0.636363636363636
95,0.421052631578947,0.368421052631579
134,0.440298507462687,0.455223880597015
185,0.713513513513514,0.654054054054054
51,0.509803921568627,0.490196078431373
30,0.6,0.666666666666667
146,0.267123287671233,0.26027397260274
143,0.41958041958042,0.538461538461538
137,0.656934306569343,0.605839416058394
160,0.625,0.68125
63,0.507936507936508,0.666666666666667
135,0.459259259259259,0.496296296296296
45,0.488888888888889,0.555555555555556
90,0.322222222222222,0.444444444444444
117,0.64957264957265,0.58974358974359
199,0.366834170854271,0.42713567839196
147,0.244897959183673,0.27891156462585
185,0.545945945945946,0.562162162162162
176,0.505681818181818,0.625
164,0.378048780487805,0.353658536585366
104,0.567307692307692,0.682692307692308
56,0.589285714285714,0.625
170,0.417647058823529,0.388235294117647
21,0.238095238095238,0.523809523809524
110,0.418181818181818,0.427272727272727
192,0.552083333333333,0.546875
128,0.6171875,0.71875
40,0.475,0.525
88,0.454545454545455,0.454545454545455
82,0.524390243902439,0.597560975609756
104,0.5,0.519230769230769
16,0.375,0.25
184,0.391304347826087,0.380434782608696
66,0.424242424242424,0.560606060606061
14,0.428571428571429,0.285714285714286
120,0.4,0.458333333333333
83,0.542168674698795,0.590361445783133
192,0.494791666666667,0.5
105,0.761904761904762,0.79047619047619
160,0.3125,0.4
1,0.0,0.0
142,0.661971830985915,0.577464788732394
200,0.515,0.455
135,0.540740740740741,0.592592592592593
117,0.521367521367521,0.521367521367521
118,0.593220338983051,0.635593220338983
143,0.531468531468531,0.524475524475524
31,0.419354838709677,0.516129032258065
63,0.46031746031746,0.412698412698413
75,0.586666666666667,0.733333333333333
76,0.434210526315789,0.302631578947368
186,0.586021505376344,0.586021505376344
8,0.5,0.625
80,0.575,0.5
143,0.468531468531469,0.468531468531469
10,0.7,0.4
141,0.51063829787234,0.482269503546099
4,0.5,0.25
157,0.560509554140127,0.560509554140127
157,0.490445859872611,0.490445859872611
32,0.4375,0.625
141,0.468085106382979,0.432624113475177
118,0.423728813559322,0.38135593220339
110,0.563636363636364,0.690909090909091
190,0.494736842105263,0.415789473684211
141,0.50354609929078,0.460992907801418
21,0.666666666666667,0.476190476190476
26,0.5,0.461538461538462
105,0.495238095238095,0.419047619047619
130,0.446153846153846,0.569230769230769
45,0.555555555555556,0.688888888888889
38,0.631578947368421,0.236842105263158
35,0.371428571428571,0.4
46,0.239130434782609,0.282608695652174
137,0.700729927007299,0.722627737226277
90,0.488888888888889,0.433333333333333
174,0.603448275862069,0.563218390804598
181,0.519337016574586,0.519337016574586
175,0.605714285714286,0.594285714285714
194,0.541237113402062,0.597938144329897
77,0.311688311688312,0.337662337662338
35,0.628571428571429,0.6
157,0.490445859872611,0.439490445859873
56,0.553571428571429,0.678571428571429
149,0.449664429530201,0.389261744966443
41,0.658536585365854,0.634146341463415
198,0.601010101010101,0.555555555555556
189,0.608465608465608,0.677248677248677
58,0.655172413793103,0.689655172413793
183,0.475409836065574,0.426229508196721
92,0.554347826086957,0.521739130434783
92,0.521739130434783,0.521739130434783
155,0.670967741935484,0.709677419354839
63,0.714285714285714,0.650793650793651
50,0.6,0.62
13,0.692307692307692,1.0
44,0.590909090909091,0.5
94,0.25531914893617,0.191489361702128
44,0.477272727272727,0.318181818181818
103,0.533980582524272,0.504854368932039
169,0.467455621301775,0.502958579881657
56,0.482142857142857,0.392857142857143
108,0.472222222222222,0.398148148148148
148,0.398648648648649,0.283783783783784
70,0.485714285714286,0.557142857142857
6,0.5,0.333333333333333
64,0.53125,0.453125
137,0.474452554744526,0.372262773722628
197,0.67005076142132,0.649746192893401
170,0.352941176470588,0.482352941176471
161,0.614906832298137,0.627329192546584
169,0.414201183431953,0.372781065088757
114,0.605263157894737,0.605263157894737
64,0.546875,0.515625
122,0.245901639344262,0.319672131147541
111,0.414414414414414,0.468468468468468
196,0.285714285714286,0.280612244897959
184,0.467391304347826,0.483695652173913
113,0.433628318584071,0.380530973451327
4,1.0,0.25
139,0.467625899280576,0.525179856115108
142,0.5,0.514084507042254
5,0.4,0.4
42,0.642857142857143,0.69047619047619
27,0.481481481481481,0.481481481481481
180,0.3,0.288888888888889
129,0.255813953488372,0.248062015503876
86,0.604651162790698,0.476744186046512
131,0.587786259541985,0.595419847328244
23,0.521739130434783,0.434782608695652
114,0.394736842105263,0.517543859649123
159,0.283018867924528,0.389937106918239
191,0.324607329842932,0.382198952879581
16,0.75,0.625
181,0.43646408839779,0.408839779005525
110,0.463636363636364,0.481818181818182
191,0.612565445026178,0.565445026178011
79,0.468354430379747,0.594936708860759
87,0.597701149425287,0.505747126436782
116,0.413793103448276,0.431034482758621
172,0.529069767441861,0.418604651162791
39,0.615384615384615,0.641025641025641
194,0.515463917525773,0.494845360824742
44,0.386363636363636,0.454545454545455
22,0.409090909090909,0.272727272727273
33,0.333333333333333,0.575757575757576
141,0.673758865248227,0.680851063829787
170,0.552941176470588,0.564705882352941
59,0.254237288135593,0.322033898305085
183,0.333333333333333,0.256830601092896
3,0.333333333333333,0.666666666666667
144,0.395833333333333,0.451388888888889
160,0.55,0.55
72,0.597222222222222,0.583333333333333
148,0.466216216216216,0.5
110,0.3,0.436363636363636
35,0.714285714285714,0.685714285714286
52,0.653846153846154,0.692307692307692
135,0.444444444444444,0.488888888888889
15,0.666666666666667,0.8
109,0.431192660550459,0.412844036697248
153,0.65359477124183,0.601307189542484
25,0.68,0.64
138,0.311594202898551,0.253623188405797
95,0.484210526315789,0.652631578947368
19,0.578947368421053,0.368421052631579
5,0.8,0.6
171,0.239766081871345,0.257309941520468
33,0.515151515151515,0.606060606060606
68,0.485294117647059,0.558823529411765
6,0.166666666666667,0.666666666666667
95,0.347368421052632,0.378947368421053
169,0.27810650887574,0.272189349112426
43,0.348837209302326,0.27906976744186
160,0.55625,0.4375
110,0.509090909090909,0.445454545454545
79,0.468354430379747,0.518987341772152
117,0.384615384615385,0.35042735042735
68,0.529411764705882,0.367647058823529
1,0.0,1.0
1,0.0,1.0
64,0.546875,0.328125
24,0.708333333333333,0.416666666666667
153,0.77124183006536,0.790849673202614
50,0.56,0.42
11,0.545454545454545,0.727272727272727
91,0.659340659340659,0.56043956043956
193,0.585492227979275,0.580310880829015
172,0.348837209302326,0.284883720930233
93,0.236559139784946,0.397849462365591
190,0.636842105263158,0.7
12,0.666666666666667,0.25
181,0.486187845303867,0.348066298342541
183,0.775956284153005,0.748633879781421
68,0.602941176470588,0.617647058823529
50,0.42,0.38
48,0.5625,0.604166666666667
119,0.294117647058824,0.369747899159664
17,0.705882352941177,0.823529411764706
159,0.509433962264151,0.540880503144654
85,0.376470588235294,0.423529411764706
56,0.553571428571429,0.589285714285714
160,0.4625,0.45
7,0.571428571428571,0.428571428571429
138,0.471014492753623,0.565217391304348
94,0.574468085106383,0.563829787234043
52,0.442307692307692,0.442307692307692
22,0.545454545454545,0.363636363636364
117,0.47008547008547,0.572649572649573
10,0.6,0.7
123,0.544715447154472,0.504065040650406
138,0.333333333333333,0.420289855072464
192,0.630208333333333,0.598958333333333
159,0.559748427672956,0.578616352201258
8,0.625,0.25
26,0.384615384615385,0.423076923076923
95,0.673684210526316,0.663157894736842
139,0.41726618705036,0.460431654676259
191,0.586387434554974,0.638743455497382
154,0.493506493506494,0.512987012987013
105,0.542857142857143,0.504761904761905
184,0.407608695652174,0.326086956521739
21,0.238095238095238,0.476190476190476
180,0.627777777777778,0.55
173,0.393063583815029,0.375722543352601
126,0.523809523809524,0.492063492063492
126,0.444444444444444,0.428571428571429
59,0.627118644067797,0.644067796610169
155,0.754838709677419,0.690322580645161
152,0.552631578947368,0.631578947368421
8,0.375,0.5
32,0.625,0.59375
87,0.436781609195402,0.459770114942529
141,0.375886524822695,0.425531914893617
110,0.272727272727273,0.372727272727273
109,0.522935779816514,0.651376146788991
106,0.386792452830189,0.405660377358491
169,0.355029585798817,0.289940828402367
160,0.475,0.51875
154,0.538961038961039,0.441558441558442
200,0.485,0.51
14,0.285714285714286,0.428571428571429
143,0.286713286713287,0.272727272727273
87,0.793103448275862,0.827586206896552
72,0.583333333333333,0.597222222222222
76,0.368421052631579,0.328947368421053
101,0.594059405940594,0.653465346534653
36,0.555555555555556,0.444444444444444
50,0.42,0.54
89,0.50561797752809,0.573033707865168
141,0.439716312056738,0.411347517730496
85,0.682352941176471,0.635294117647059
40,0.3,0.375
172,0.383720930232558,0.482558139534884
132,0.575757575757576,0.689393939393939
153,0.38562091503268,0.477124183006536
38,0.552631578947368,0.657894736842105
139,0.467625899280576,0.474820143884892
116,0.663793103448276,0.586206896551724
185,0.427027027027027,0.502702702702703
60,0.35,0.383333333333333
11,0.636363636363636,0.545454545454545
130,0.646153846153846,0.569230769230769
175,0.228571428571429,0.268571428571429
62,0.548387096774194,0.516129032258065
14,0.428571428571429,0.214285714285714
163,0.47239263803681,0.50920245398773
31,0.290322580645161,0.354838709677419
151,0.410596026490066,0.390728476821192
149,0.469798657718121,0.550335570469799
99,0.444444444444444,0.414141414141414
96,0.65625,0.541666666666667
85,0.635294117647059,0.647058823529412
88,0.625,0.636363636363636
169,0.408284023668639,0.390532544378698
41,0.48780487804878,0.51219512195122
134,0.455223880597015,0.470149253731343
95,0.494736842105263,0.421052631578947
67,0.73134328358209,0.522388059701492
126,0.317460317460317,0.373015873015873
123,0.373983739837398,0.333333333333333
108,0.481481481481481,0.453703703703704
49,0.489795918367347,0.510204081632653
20,0.5,0.5
118,0.516949152542373,0.576271186440678
161,0.403726708074534,0.385093167701863
183,0.568306010928962,0.46448087431694
35,0.457142857142857,0.514285714285714
139,0.755395683453237,0.726618705035971
8,0.625,0.625
86,0.558139534883721,0.581395348837209
165,0.290909090909091,0.290909090909091
106,0.518867924528302,0.509433962264151
154,0.37012987012987,0.454545454545455
155,0.483870967741935,0.619354838709677
74,0.648648648648649,0.635135135135135
29,0.517241379310345,0.379310344827586
96,0.541666666666667,0.5625
31,0.548387096774194,0.612903225806452
5,0.6,0.4
103,0.456310679611651,0.475728155339806
105,0.371428571428571,0.428571428571429
34,0.558823529411765,0.382352941176471
94,0.531914893617021,0.5
60,0.6,0.733333333333333
57,0.596491228070175,0.456140350877193
104,0.480769230769231,0.423076923076923
154,0.441558441558442,0.493506493506494
86,0.604651162790698,0.511627906976744
139,0.438848920863309,0.410071942446043
14,0.5,0.5
137,0.62043795620438,0.54014598540146
42,0.428571428571429,0.404761904761905
7,0.428571428571429,0.714285714285714
159,0.59748427672956,0.654088050314465
33,0.606060606060606,0.727272727272727
126,0.396825396825397,0.30952380952381
161,0.565217391304348,0.658385093167702
155,0.503225806451613,0.529032258064516
67,0.477611940298507,0.462686567164179
163,0.47239263803681,0.484662576687117
85,0.423529411764706,0.388235294117647
51,0.372549019607843,0.274509803921569
200,0.59,0.55
127,0.724409448818898,0.716535433070866
82,0.451219512195122,0.5
173,0.53757225433526,0.543352601156069
188,0.542553191489362,0.579787234042553
56,0.446428571428571,0.517857142857143
86,0.290697674418605,0.255813953488372
67,0.343283582089552,0.462686567164179
18,0.277777777777778,0.611111111111111
122,0.270491803278689,0.311475409836066
180,0.483333333333333,0.494444444444444
153,0.464052287581699,0.522875816993464
134,0.32089552238806,0.313432835820896
152,0.473684210526316,0.506578947368421
79,0.291139240506329,0.405063291139241
32,0.625,0.71875
16,0.5,0.4375
186,0.548387096774194,0.56989247311828
58,0.655172413793103,0.53448275862069
102,0.441176470588235,0.549019607843137
37,0.837837837837838,0.837837837837838
148,0.581081081081081,0.52027027027027
18,0.555555555555556,0.222222222222222
12,0.666666666666667,0.583333333333333
28,0.285714285714286,0.392857142857143
60,0.6,0.483333333333333
108,0.398148148148148,0.546296296296296
130,0.507692307692308,0.553846153846154
11,0.272727272727273,0.454545454545455
49,0.489795918367347,0.448979591836735
30,0.733333333333333,0.6
29,0.344827586206897,0.482758620689655
132,0.356060606060606,0.356060606060606
77,0.493506493506494,0.415584415584416
24,0.458333333333333,0.458333333333333
80,0.425,0.3875
175,0.6,0.537142857142857
81,0.617283950617284,0.604938271604938
10,0.5,0.6
13,0.615384615384615,0.384615384615385
130,0.453846153846154,0.453846153846154
31,0.290322580645161,0.516129032258065
92,0.630434782608696,0.619565217391304
70,0.428571428571429,0.314285714285714
112,0.410714285714286,0.419642857142857
28,0.535714285714286,0.75
34,0.617647058823529,0.5
82,0.585365853658537,0.451219512195122
13,0.461538461538462,0.615384615384615
128,0.203125,0.1875
31,0.67741935483871,0.516129032258065
11,0.363636363636364,0.727272727272727
163,0.423312883435583,0.595092024539877
8,0.5,0.875
160,0.6375,0.6375
130,0.561538461538462,0.569230769230769
36,0.416666666666667,0.333333333333333
35,0.542857142857143,0.571428571428571
158,0.689873417721519,0.658227848101266
182,0.604395604395604,0.576923076923077
187,0.620320855614973,0.668449197860963
49,0.346938775510204,0.489795918367347
199,0.557788944723618,0.577889447236181
60,0.316666666666667,0.416666666666667
46,0.478260869565217,0.369565217391304
39,0.538461538461538,0.358974358974359
81,0.481481481481481,0.506172839506173
149,0.550335570469799,0.530201342281879
145,0.524137931034483,0.551724137931034
14,0.428571428571429,0.5
198,0.646464646464647,0.565656565656566
110,0.545454545454545,0.590909090909091
193,0.595854922279793,0.606217616580311
189,0.529100529100529,0.566137566137566
105,0.447619047619048,0.447619047619048
150,0.78,0.72
71,0.267605633802817,0.408450704225352
191,0.481675392670157,0.43455497382199
68,0.5,0.558823529411765
40,0.575,0.625
45,0.711111111111111,0.533333333333333
153,0.581699346405229,0.555555555555556
79,0.518987341772152,0.481012658227848
37,0.675675675675676,0.594594594594595
62,0.532258064516129,0.612903225806452
19,0.578947368421053,0.736842105263158
50,0.4,0.54
136,0.514705882352941,0.558823529411765
34,0.411764705882353,0.382352941176471
171,0.450292397660819,0.327485380116959
91,0.527472527472527,0.428571428571429
167,0.664670658682635,0.70059880239521
73,0.410958904109589,0.301369863013699
93,0.526881720430108,0.548387096774194
125,0.36,0.344
106,0.518867924528302,0.60377358490566
52,0.557692307692308,0.442307692307692
154,0.512987012987013,0.545454545454545
110,0.7,0.545454545454545
105,0.685714285714286,0.6
82,0.707317073170732,0.695121951219512
135,0.4,0.385185185185185
51,0.411764705882353,0.529411764705882
13,0.461538461538462,0.692307692307692
142,0.52112676056338,0.492957746478873
116,0.517241379310345,0.629310344827586
113,0.353982300884956,0.389380530973451
128,0.328125,0.3671875
56,0.285714285714286,0.339285714285714
141,0.205673758865248,0.269503546099291
72,0.763888888888889,0.722222222222222
24,0.5,0.5
185,0.535135135135135,0.486486486486487
92,0.565217391304348,0.576086956521739
38,0.605263157894737,0.605263157894737
181,0.502762430939227,0.50828729281768
137,0.416058394160584,0.445255474452555
91,0.417582417582418,0.340659340659341
84,0.702380952380952,0.607142857142857
153,0.444444444444444,0.464052287581699
191,0.43979057591623,0.445026178010471
59,0.305084745762712,0.220338983050847
102,0.57843137254902,0.617647058823529
161,0.397515527950311,0.372670807453416
151,0.576158940397351,0.562913907284768
49,0.714285714285714,0.448979591836735
156,0.378205128205128,0.275641025641026
172,0.476744186046512,0.441860465116279
165,0.642424242424242,0.551515151515152
35,0.428571428571429,0.4
75,0.573333333333333,0.64
115,0.278260869565217,0.339130434782609
176,0.488636363636364,0.471590909090909
181,0.469613259668508,0.419889502762431
174,0.413793103448276,0.436781609195402
62,0.419354838709677,0.419354838709677
145,0.4,0.537931034482759
160,0.59375,0.58125
7,0.571428571428571,0.714285714285714
192,0.442708333333333,0.453125
139,0.482014388489209,0.539568345323741
175,0.274285714285714,0.245714285714286
1,1.0,1.0
193,0.621761658031088,0.699481865284974
170,0.552941176470588,0.552941176470588
151,0.615894039735099,0.556291390728477
176,0.653409090909091,0.568181818181818
50,0.44,0.32
18,0.611111111111111,0.611111111111111
131,0.442748091603053,0.358778625954198
159,0.50314465408805,0.534591194968553
13,0.692307692307692,0.692307692307692
110,0.645454545454546,0.545454545454545
102,0.264705882352941,0.274509803921569
118,0.610169491525424,0.474576271186441
102,0.431372549019608,0.450980392156863
14,0.5,0.714285714285714
61,0.557377049180328,0.459016393442623
181,0.50828729281768,0.475138121546961
153,0.516339869281046,0.42483660130719
90,0.455555555555556,0.477777777777778
107,0.700934579439252,0.757009345794392
154,0.551948051948052,0.590909090909091
138,0.731884057971015,0.608695652173913
4,0.25,0.0
15,0.533333333333333,0.6
185,0.664864864864865,0.675675675675676
104,0.442307692307692,0.5
160,0.55,0.5
83,0.433734939759036,0.457831325301205
37,0.567567567567568,0.432432432432432
34,0.470588235294118,0.441176470588235
67,0.582089552238806,0.432835820895522
132,0.666666666666667,0.696969696969697
146,0.554794520547945,0.445205479452055
179,0.307262569832402,0.251396648044693
26,0.730769230769231,0.653846153846154
126,0.682539682539683,0.642857142857143
129,0.503875968992248,0.527131782945736
20,0.45,0.4
129,0.395348837209302,0.465116279069767
41,0.292682926829268,0.317073170731707
126,0.722222222222222,0.73015873015873
89,0.528089887640449,0.528089887640449
85,0.588235294117647,0.541176470588235
45,0.377777777777778,0.6
5,0.8,0.6
147,0.612244897959184,0.530612244897959
84,0.511904761904762,0.464285714285714
195,0.651282051282051,0.697435897435897
69,0.608695652173913,0.594202898550725
86,0.616279069767442,0.523255813953488
124,0.540322580645161,0.564516129032258
143,0.706293706293706,0.664335664335664
130,0.715384615384615,0.684615384615385
86,0.767441860465116,0.627906976744186
29,0.551724137931034,0.413793103448276
187,0.53475935828877,0.593582887700535
8,0.25,0.125
37,0.756756756756757,0.702702702702703
196,0.469387755102041,0.459183673469388
35,0.542857142857143,0.714285714285714
7,0.142857142857143,0.142857142857143
25,0.48,0.4
162,0.37037037037037,0.358024691358025
73,0.684931506849315,0.698630136986301
78,0.602564102564103,0.576923076923077
24,0.5,0.541666666666667
32,0.46875,0.28125
140,0.335714285714286,0.385714285714286
80,0.2875,0.45
92,0.630434782608696,0.576086956521739
132,0.484848484848485,0.462121212121212
17,0.529411764705882,0.647058823529412
107,0.719626168224299,0.663551401869159
2,0.5,0.5
28,0.428571428571429,0.321428571428571
149,0.476510067114094,0.442953020134228
1,1.0,1.0
192,0.645833333333333,0.625
72,0.5,0.583333333333333
44,0.386363636363636,0.590909090909091
130,0.653846153846154,0.615384615384615
199,0.452261306532663,0.417085427135678
154,0.558441558441558,0.584415584415584
67,0.343283582089552,0.373134328358209
175,0.48,0.474285714285714
134,0.537313432835821,0.58955223880597
106,0.452830188679245,0.443396226415094
91,0.450549450549451,0.56043956043956
70,0.5,0.428571428571429
133,0.736842105263158,0.699248120300752
135,0.377777777777778,0.4
31,0.612903225806452,0.451612903225806
153,0.516339869281046,0.470588235294118
104,0.5,0.394230769230769
33,0.424242424242424,0.484848484848485
164,0.51219512195122,0.51219512195122
46,0.282608695652174,0.326086956521739
129,0.589147286821705,0.62015503875969
120,0.416666666666667,0.433333333333333
22,0.5,0.227272727272727
88,0.443181818181818,0.534090909090909
120,0.533333333333333,0.525
38,0.526315789473684,0.342105263157895
98,0.693877551020408,0.724489795918367
170,0.376470588235294,0.376470588235294
126,0.388888888888889,0.388888888888889
190,0.736842105263158,0.705263157894737
65,0.553846153846154,0.646153846153846
182,0.538461538461538,0.587912087912088
45,0.466666666666667,0.422222222222222
35,0.6,0.6
138,0.5,0.434782608695652
150,0.46,0.566666666666667
17,0.470588235294118,0.705882352941177
165,0.503030303030303,0.478787878787879
71,0.422535211267606,0.394366197183099
86,0.581395348837209,0.569767441860465
47,0.765957446808511,0.765957446808511
112,0.535714285714286,0.508928571428571
161,0.416149068322981,0.546583850931677
23,0.391304347826087,0.391304347826087
38,0.421052631578947,0.394736842105263
199,0.522613065326633,0.482412060301508
196,0.454081632653061,0.413265306122449
168,0.43452380952381,0.446428571428571
177,0.457627118644068,0.406779661016949
177,0.412429378531073,0.395480225988701
82,0.426829268292683,0.365853658536585
164,0.518292682926829,0.536585365853659
74,0.702702702702703,0.743243243243243
157,0.789808917197452,0.56687898089172
189,0.507936507936508,0.523809523809524
137,0.481751824817518,0.474452554744526
125,0.496,0.584
158,0.759493670886076,0.689873417721519
119,0.680672268907563,0.789915966386555
53,0.471698113207547,0.452830188679245
159,0.553459119496855,0.666666666666667
33,0.454545454545455,0.484848484848485
4,0.25,0.5
176,0.5625,0.579545454545455
116,0.482758620689655,0.629310344827586
23,0.565217391304348,0.347826086956522
33,0.303030303030303,0.393939393939394
60,0.483333333333333,0.583333333333333
161,0.478260869565217,0.434782608695652
84,0.583333333333333,0.523809523809524
45,0.622222222222222,0.711111111111111
70,0.385714285714286,0.371428571428571
195,0.58974358974359,0.512820512820513
193,0.44559585492228,0.466321243523316
185,0.497297297297297,0.464864864864865
169,0.698224852071006,0.656804733727811
10,0.4,0.2
16,0.375,0.375
44,0.772727272727273,0.863636363636364
147,0.374149659863946,0.380952380952381
70,0.5,0.557142857142857
164,0.49390243902439,0.48780487804878
178,0.550561797752809,0.460674157303371
72,0.486111111111111,0.402777777777778
133,0.556390977443609,0.443609022556391
174,0.442528735632184,0.413793103448276
130,0.561538461538462,0.553846153846154
154,0.675324675324675,0.61038961038961
4,0.75,0.75
72,0.791666666666667,0.819444444444444
24,0.5,0.583333333333333
86,0.465116279069767,0.488372093023256
128,0.34375,0.375
47,0.702127659574468,0.680851063829787
194,0.644329896907217,0.680412371134021
122,0.475409836065574,0.5
82,0.451219512195122,0.402439024390244
30,0.466666666666667,0.4
198,0.55050505050505,0.51010101010101
166,0.58433734939759,0.518072289156627
51,0.549019607843137,0.607843137254902
66,0.454545454545455,0.53030303030303
148,0.283783783783784,0.25
68,0.588235294117647,0.632352941176471
35,0.571428571428571,0.685714285714286
129,0.441860465116279,0.372093023255814
11,0.0,0.363636363636364
74,0.459459459459459,0.486486486486487
87,0.597701149425287,0.71264367816092
60,0.55,0.533333333333333
5,0.4,1.0
106,0.5,0.39622641509434
123,0.341463414634146,0.390243902439024
161,0.565217391304348,0.645962732919255
92,0.717391304347826,0.695652173913043
92,0.445652173913043,0.369565217391304
6,0.333333333333333,0.333333333333333
181,0.414364640883978,0.480662983425414
66,0.454545454545455,0.393939393939394
199,0.5678391959799,0.522613065326633
61,0.721311475409836,0.573770491803279
108,0.490740740740741,0.666666666666667
74,0.486486486486487,0.364864864864865
83,0.759036144578313,0.759036144578313
59,0.525423728813559,0.559322033898305
136,0.433823529411765,0.411764705882353
21,0.380952380952381,0.19047619047619
76,0.842105263157895,0.802631578947368
196,0.362244897959184,0.438775510204082
131,0.427480916030534,0.488549618320611
41,0.439024390243902,0.463414634146341
114,0.473684210526316,0.464912280701754
21,0.523809523809524,0.619047619047619
77,0.623376623376623,0.584415584415584
85,0.647058823529412,0.552941176470588
44,0.431818181818182,0.409090909090909
153,0.601307189542484,0.555555555555556
61,0.60655737704918,0.737704918032787
68,0.529411764705882,0.455882352941176
142,0.295774647887324,0.380281690140845
18,0.555555555555556,0.388888888888889
92,0.673913043478261,0.608695652173913
23,0.739130434782609,0.739130434782609
115,0.452173913043478,0.51304347826087
93,0.365591397849462,0.376344086021505
103,0.456310679611651,0.388349514563107
1,0.0,0.0
191,0.680628272251309,0.701570680628272
109,0.798165137614679,0.724770642201835
105,0.552380952380952,0.552380952380952
68,0.676470588235294,0.588235294117647
6,0.833333333333333,0.833333333333333
18,0.444444444444444,0.5
127,0.31496062992126,0.401574803149606
45,0.222222222222222,0.288888888888889
100,0.5,0.43
51,0.196078431372549,0.333333333333333
26,0.576923076923077,0.615384615384615
157,0.719745222929936,0.726114649681529
88,0.613636363636364,0.568181818181818
99,0.545454545454545,0.595959595959596
40,0.575,0.6
78,0.705128205128205,0.67948717948718
53,0.245283018867925,0.358490566037736
44,0.704545454545455,0.727272727272727
172,0.465116279069767,0.459302325581395
133,0.368421052631579,0.406015037593985
63,0.238095238095238,0.380952380952381
45,0.644444444444444,0.555555555555556
100,0.52,0.39
143,0.524475524475524,0.573426573426573
196,0.505102040816326,0.51530612244898
51,0.254901960784314,0.294117647058824
173,0.624277456647399,0.670520231213873
127,0.496062992125984,0.448818897637795
69,0.478260869565217,0.347826086956522
171,0.614035087719298,0.672514619883041
145,0.572413793103448,0.510344827586207
43,0.372093023255814,0.465116279069767
139,0.561151079136691,0.503597122302158
142,0.640845070422535,0.647887323943662
92,0.347826086956522,0.489130434782609
15,0.666666666666667,0.533333333333333
65,0.430769230769231,0.323076923076923
85,0.294117647058824,0.305882352941176
148,0.47972972972973,0.47972972972973
185,0.427027027027027,0.491891891891892
135,0.392592592592593,0.355555555555556
155,0.470967741935484,0.483870967741935
144,0.291666666666667,0.229166666666667
147,0.707482993197279,0.619047619047619
42,0.5,0.404761904761905
186,0.720430107526882,0.709677419354839
113,0.389380530973451,0.469026548672566
112,0.285714285714286,0.223214285714286
39,0.564102564102564,0.564102564102564
39,0.435897435897436,0.487179487179487
87,0.379310344827586,0.367816091954023
125,0.416,0.464
109,0.477064220183486,0.440366972477064
27,0.518518518518518,0.555555555555556
162,0.580246913580247,0.598765432098765
95,0.389473684210526,0.347368421052632
45,0.644444444444444,0.555555555555556
52,0.442307692307692,0.519230769230769
179,0.508379888268156,0.553072625698324
196,0.454081632653061,0.433673469387755
186,0.532258064516129,0.462365591397849
68,0.485294117647059,0.514705882352941
158,0.430379746835443,0.430379746835443
44,0.477272727272727,0.340909090909091
83,0.542168674698795,0.578313253012048
100,0.42,0.4
53,0.377358490566038,0.415094339622642
83,0.566265060240964,0.542168674698795
36,0.472222222222222,0.555555555555556
187,0.748663101604278,0.695187165775401
18,0.222222222222222,0.555555555555556
19,0.684210526315789,0.421052631578947
131,0.534351145038168,0.465648854961832
63,0.428571428571429,0.523809523809524
97,0.329896907216495,0.422680412371134
46,0.521739130434783,0.478260869565217
109,0.568807339449541,0.605504587155963
70,0.542857142857143,0.442857142857143
193,0.476683937823834,0.507772020725389
169,0.485207100591716,0.473372781065089
74,0.486486486486487,0.486486486486487
46,0.695652173913043,0.739130434782609
120,0.291666666666667,0.325
173,0.508670520231214,0.473988439306358
93,0.537634408602151,0.623655913978495
176,0.619318181818182,0.585227272727273
129,0.48062015503876,0.511627906976744
197,0.842639593908629,0.796954314720812
145,0.737931034482759,0.737931034482759
173,0.543352601156069,0.485549132947977
2,0.0,1.0
104,0.653846153846154,0.548076923076923
134,0.470149253731343,0.440298507462687
71,0.591549295774648,0.464788732394366
64,0.5625,0.515625
27,0.666666666666667,0.62962962962963
10,0.4,0.4
151,0.317880794701987,0.357615894039735
29,0.689655172413793,0.586206896551724
136,0.573529411764706,0.632352941176471
118,0.372881355932203,0.313559322033898
25,0.6,0.48
45,0.533333333333333,0.377777777777778
10,0.3,0.5
42,0.357142857142857,0.523809523809524
174,0.396551724137931,0.436781609195402
85,0.458823529411765,0.564705882352941
84,0.5,0.488095238095238
19,0.473684210526316,0.315789473684211
4,0.5,0.5
5,0.2,0.6
153,0.764705882352941,0.810457516339869
140,0.521428571428571,0.55
50,0.28,0.52
132,0.477272727272727,0.386363636363636
15,0.6,0.6
93,0.43010752688172,0.354838709677419
140,0.564285714285714,0.521428571428571
136,0.588235294117647,0.580882352941177
76,0.486842105263158,0.473684210526316
78,0.538461538461538,0.551282051282051
50,0.44,0.62
183,0.590163934426229,0.562841530054645
25,0.4,0.48
32,0.5625,0.59375
76,0.631578947368421,0.723684210526316
156,0.538461538461538,0.512820512820513
42,0.761904761904762,0.738095238095238
162,0.765432098765432,0.709876543209877
85,0.258823529411765,0.317647058823529
122,0.680327868852459,0.672131147540984
119,0.630252100840336,0.563025210084034
104,0.586538461538462,0.519230769230769
182,0.5,0.527472527472527
95,0.768421052631579,0.747368421052632
48,0.520833333333333,0.5625
135,0.6,0.62962962962963
66,0.560606060606061,0.681818181818182
29,0.482758620689655,0.413793103448276
159,0.490566037735849,0.50314465408805
148,0.439189189189189,0.466216216216216
13,0.153846153846154,0.384615384615385
118,0.364406779661017,0.364406779661017
95,0.505263157894737,0.442105263157895
89,0.606741573033708,0.528089887640449
139,0.424460431654676,0.381294964028777
62,0.5,0.532258064516129
172,0.494186046511628,0.523255813953488
57,0.614035087719298,0.56140350877193
31,0.483870967741935,0.645161290322581
60,0.65,0.833333333333333
179,0.581005586592179,0.491620111731844
144,0.701388888888889,0.618055555555556
178,0.623595505617977,0.651685393258427
171,0.625730994152047,0.608187134502924
27,0.185185185185185,0.407407407407407
171,0.678362573099415,0.590643274853801
151,0.384105960264901,0.311258278145695
196,0.438775510204082,0.418367346938776
195,0.533333333333333,0.605128205128205
38,0.394736842105263,0.368421052631579
134,0.597014925373134,0.634328358208955
143,0.391608391608392,0.27972027972028
28,0.678571428571429,0.571428571428571
44,0.25,0.272727272727273
133,0.458646616541353,0.56390977443609
170,0.623529411764706,0.623529411764706
171,0.450292397660819,0.508771929824561
10,0.4,0.5
98,0.336734693877551,0.26530612244898
177,0.485875706214689,0.401129943502825
19,0.473684210526316,0.421052631578947
146,0.534246575342466,0.527397260273973
43,0.325581395348837,0.395348837209302
12,0.333333333333333,0.25
125,0.544,0.48
8,0.75,0.875
91,0.637362637362637,0.593406593406593
54,0.333333333333333,0.259259259259259
164,0.365853658536585,0.341463414634146
79,0.405063291139241,0.468354430379747
82,0.585365853658537,0.634146341463415
43,0.604651162790698,0.651162790697674
1,0.0,0.0
15,0.0666666666666667,0.2
105,0.428571428571429,0.438095238095238
16,0.6875,0.4375
127,0.669291338582677,0.590551181102362
119,0.529411764705882,0.478991596638655
187,0.491978609625668,0.53475935828877
132,0.621212121212121,0.696969696969697
55,0.309090909090909,0.472727272727273
44,0.5,0.5
14,0.5,0.142857142857143
65,0.6,0.584615384615385
100,0.48,0.47
73,0.753424657534247,0.780821917808219
151,0.622516556291391,0.662251655629139
67,0.537313432835821,0.537313432835821
80,0.425,0.6125
22,0.5,0.545454545454545
53,0.773584905660377,0.716981132075472
146,0.424657534246575,0.424657534246575
162,0.419753086419753,0.327160493827161
153,0.418300653594771,0.450980392156863
103,0.640776699029126,0.611650485436893
51,0.764705882352941,0.607843137254902
128,0.6953125,0.734375
81,0.358024691358025,0.37037037037037
113,0.486725663716814,0.566371681415929
105,0.552380952380952,0.580952380952381
136,0.301470588235294,0.301470588235294
183,0.480874316939891,0.448087431693989
180,0.772222222222222,0.744444444444444
41,0.634146341463415,0.682926829268293
17,0.647058823529412,0.588235294117647
31,0.451612903225806,0.419354838709677
147,0.578231292517007,0.578231292517007
142,0.176056338028169,0.21830985915493
24,0.25,0.375
164,0.664634146341463,0.664634146341463
59,0.728813559322034,0.525423728813559
87,0.551724137931034,0.609195402298851
189,0.433862433862434,0.465608465608466
130,0.576923076923077,0.507692307692308
8,0.25,0.25
171,0.380116959064327,0.350877192982456
79,0.531645569620253,0.531645569620253
85,0.4,0.4
159,0.415094339622642,0.415094339622642
159,0.427672955974843,0.389937106918239
123,0.650406504065041,0.634146341463415
157,0.726114649681529,0.687898089171974
110,0.509090909090909,0.454545454545455
199,0.50251256281407,0.462311557788945
113,0.672566371681416,0.610619469026549
87,0.482758620689655,0.471264367816092
163,0.276073619631902,0.355828220858896
59,0.474576271186441,0.305084745762712
10,0.5,0.7
166,0.325301204819277,0.385542168674699
187,0.433155080213904,0.497326203208556
171,0.573099415204678,0.590643274853801
200,0.595,0.61
94,0.436170212765957,0.531914893617021
